CREATE DATABASE  IF NOT EXISTS `grupa6` /*!40100 DEFAULT CHARACTER SET utf8 */;
USE `grupa6`;
-- MySQL dump 10.13  Distrib 5.7.9, for Win32 (AMD64)
--
-- Host: localhost    Database: grupa6
-- ------------------------------------------------------
-- Server version	5.7.12-log

/*!40101 SET @OLD_CHARACTER_SET_CLIENT=@@CHARACTER_SET_CLIENT */;
/*!40101 SET @OLD_CHARACTER_SET_RESULTS=@@CHARACTER_SET_RESULTS */;
/*!40101 SET @OLD_COLLATION_CONNECTION=@@COLLATION_CONNECTION */;
/*!40101 SET NAMES utf8 */;
/*!40103 SET @OLD_TIME_ZONE=@@TIME_ZONE */;
/*!40103 SET TIME_ZONE='+00:00' */;
/*!40014 SET @OLD_UNIQUE_CHECKS=@@UNIQUE_CHECKS, UNIQUE_CHECKS=0 */;
/*!40014 SET @OLD_FOREIGN_KEY_CHECKS=@@FOREIGN_KEY_CHECKS, FOREIGN_KEY_CHECKS=0 */;
/*!40101 SET @OLD_SQL_MODE=@@SQL_MODE, SQL_MODE='NO_AUTO_VALUE_ON_ZERO' */;
/*!40111 SET @OLD_SQL_NOTES=@@SQL_NOTES, SQL_NOTES=0 */;

--
-- Table structure for table `class_fact`
--

DROP TABLE IF EXISTS `class_fact`;
/*!40101 SET @saved_cs_client     = @@character_set_client */;
/*!40101 SET character_set_client = utf8 */;
CREATE TABLE `class_fact` (
  `id` int(10) NOT NULL AUTO_INCREMENT,
  `class_id` int(10) NOT NULL,
  `course_dim_id` int(10) NOT NULL,
  `department_dim_id` int(10) NOT NULL,
  `date_dim_id` int(10) NOT NULL,
  `lecturer_dim_id` int(10) NOT NULL,
  `attendance` int(10) NOT NULL,
  PRIMARY KEY (`id`),
  KEY `class_fact` (`id`),
  KEY `FKclass_fact899134` (`course_dim_id`),
  KEY `FKclass_fact261084` (`department_dim_id`),
  KEY `FKclass_fact772971` (`lecturer_dim_id`),
  KEY `FKclass_fact462293` (`date_dim_id`),
  CONSTRAINT `FKclass_fact261084` FOREIGN KEY (`department_dim_id`) REFERENCES `department_dim` (`id`),
  CONSTRAINT `FKclass_fact462293` FOREIGN KEY (`date_dim_id`) REFERENCES `date_dim` (`id`),
  CONSTRAINT `FKclass_fact772971` FOREIGN KEY (`lecturer_dim_id`) REFERENCES `lecturer_dim` (`id`),
  CONSTRAINT `FKclass_fact899134` FOREIGN KEY (`course_dim_id`) REFERENCES `course_dim` (`id`)
) ENGINE=InnoDB DEFAULT CHARSET=utf8;
/*!40101 SET character_set_client = @saved_cs_client */;

--
-- Dumping data for table `class_fact`
--

LOCK TABLES `class_fact` WRITE;
/*!40000 ALTER TABLE `class_fact` DISABLE KEYS */;
/*!40000 ALTER TABLE `class_fact` ENABLE KEYS */;
UNLOCK TABLES;

--
-- Table structure for table `course_dim`
--

DROP TABLE IF EXISTS `course_dim`;
/*!40101 SET @saved_cs_client     = @@character_set_client */;
/*!40101 SET character_set_client = utf8 */;
CREATE TABLE `course_dim` (
  `id` int(10) NOT NULL AUTO_INCREMENT,
  `course_id` int(10) NOT NULL,
  `title` varchar(50) NOT NULL,
  `department` varchar(100) NOT NULL,
  `study_year` int(10) NOT NULL,
  PRIMARY KEY (`id`),
  KEY `course_dim` (`id`)
) ENGINE=InnoDB DEFAULT CHARSET=utf8;
/*!40101 SET character_set_client = @saved_cs_client */;

--
-- Dumping data for table `course_dim`
--

LOCK TABLES `course_dim` WRITE;
/*!40000 ALTER TABLE `course_dim` DISABLE KEYS */;
/*!40000 ALTER TABLE `course_dim` ENABLE KEYS */;
UNLOCK TABLES;

--
-- Table structure for table `date_dim`
--

DROP TABLE IF EXISTS `date_dim`;
/*!40101 SET @saved_cs_client     = @@character_set_client */;
/*!40101 SET character_set_client = utf8 */;
CREATE TABLE `date_dim` (
  `id` int(10) NOT NULL AUTO_INCREMENT,
  `date` date NOT NULL,
  `year` int(10) NOT NULL,
  `month_of_year` int(10) NOT NULL,
  `day_of_month` int(10) NOT NULL,
  `month` int(10) NOT NULL,
  `day_of_week` int(10) NOT NULL,
  PRIMARY KEY (`id`),
  KEY `date_dim` (`id`)
) ENGINE=InnoDB AUTO_INCREMENT=6 DEFAULT CHARSET=utf8;
/*!40101 SET character_set_client = @saved_cs_client */;

--
-- Dumping data for table `date_dim`
--

LOCK TABLES `date_dim` WRITE;
/*!40000 ALTER TABLE `date_dim` DISABLE KEYS */;
INSERT INTO `date_dim` VALUES (1,"2013-04-13",2013,3,9,8,5),(2,"2014-05-04",2014,3,5,11,4),(3,"2015-08-10",2015,8,18,1,2),(4,"2016-10-27",2016,8,10,11,5),(5,"2017-06-06",2017,12,20,10,2);
INSERT INTO `date_dim` VALUES (6,"2020-06-01",2014,6,6,1,3),(7,"2020-01-22",2015,4,1,3,6),(8,"2020-06-21",2016,9,18,4,3),(9,"2019-07-15",2017,5,2,10,4),(10,"2019-11-03",2018,5,25,5,3);
INSERT INTO `date_dim` VALUES (11,"2020-06-01",2020,6,6,1,3),(12,"2020-01-22",2020,4,1,3,6),(13,"2020-06-21",2020,9,18,4,3);

/*!40000 ALTER TABLE `date_dim` ENABLE KEYS */;
UNLOCK TABLES;

--
-- Table structure for table `department_dim`
--

DROP TABLE IF EXISTS `department_dim`;
/*!40101 SET @saved_cs_client     = @@character_set_client */;
/*!40101 SET character_set_client = utf8 */;
CREATE TABLE `department_dim` (
  `id` int(10) NOT NULL AUTO_INCREMENT,
  `department_id` int(10) NOT NULL,
  `title` varchar(255) DEFAULT NULL,
  `start_date` date NOT NULL,
  `end_date` date DEFAULT NULL,
  PRIMARY KEY (`id`),
  KEY `department_dim` (`id`)
) ENGINE=InnoDB AUTO_INCREMENT=2 DEFAULT CHARSET=utf8;
/*!40101 SET character_set_client = @saved_cs_client */;

--
-- Dumping data for table `department_dim`
--

LOCK TABLES `department_dim` WRITE;
/*!40000 ALTER TABLE `department_dim` DISABLE KEYS */;
INSERT INTO `department_dim` VALUES (1,1,"libero. Integer in magna.","2018-05-31","2017-09-24"),(2,2,"odio. Aliquam vulputate ullamcorper","2018-09-21","2018-01-08"),(3,3,"amet lorem semper auctor.","2017-03-09","2017-03-01"),(4,4,"vitae aliquam eros turpis","2018-01-10","2018-03-13");
/*!40000 ALTER TABLE `department_dim` ENABLE KEYS */;
UNLOCK TABLES;

--
-- Table structure for table `exam_fact`
--

DROP TABLE IF EXISTS `exam_fact`;
/*!40101 SET @saved_cs_client     = @@character_set_client */;
/*!40101 SET character_set_client = utf8 */;
CREATE TABLE `exam_fact` (
  `id` bigint(19) NOT NULL AUTO_INCREMENT,
  `exam_id` int(10) NOT NULL,
  `scheduled_date_dim_id` int(10) NOT NULL,
  `semester_dim_id` int(10) NOT NULL,
  `department_dim_id` int(10) NOT NULL,
  `course_dim_id` int(10) NOT NULL,
  `average_points` decimal(19,0) NOT NULL,
  `turnout` int(10) NOT NULL,
  PRIMARY KEY (`id`),
  KEY `exam_fact` (`id`),
  KEY `FKexam_fact658995` (`course_dim_id`),
  KEY `FKexam_fact20945` (`department_dim_id`),
  KEY `FKexam_fact157201` (`semester_dim_id`),
  KEY `FKexam_fact906522` (`scheduled_date_dim_id`),
  CONSTRAINT `FKexam_fact157201` FOREIGN KEY (`semester_dim_id`) REFERENCES `semester_dim` (`id`),
  CONSTRAINT `FKexam_fact20945` FOREIGN KEY (`department_dim_id`) REFERENCES `department_dim` (`id`),
  CONSTRAINT `FKexam_fact658995` FOREIGN KEY (`course_dim_id`) REFERENCES `course_dim` (`id`),
  CONSTRAINT `FKexam_fact906522` FOREIGN KEY (`scheduled_date_dim_id`) REFERENCES `date_dim` (`id`)
) ENGINE=InnoDB DEFAULT CHARSET=utf8;
/*!40101 SET character_set_client = @saved_cs_client */;

--
-- Dumping data for table `exam_fact`
--

LOCK TABLES `exam_fact` WRITE;
/*!40000 ALTER TABLE `exam_fact` DISABLE KEYS */;
/*!40000 ALTER TABLE `exam_fact` ENABLE KEYS */;
UNLOCK TABLES;

--
-- Table structure for table `lab_group_dim`
--

DROP TABLE IF EXISTS `lab_group_dim`;
/*!40101 SET @saved_cs_client     = @@character_set_client */;
/*!40101 SET character_set_client = utf8 */;
CREATE TABLE `lab_group_dim` (
  `id` int(10) NOT NULL AUTO_INCREMENT,
  `lab_group_id` int(10) NOT NULL,
  `title` varchar(255) DEFAULT NULL,
  `course` varchar(255) NOT NULL,
  `department` varchar(255) NOT NULL,
  `academic_year` int(10) DEFAULT NULL,
  PRIMARY KEY (`id`),
  KEY `lab_group_dim` (`id`)
) ENGINE=InnoDB AUTO_INCREMENT=2 DEFAULT CHARSET=utf8;
/*!40101 SET character_set_client = @saved_cs_client */;

--
-- Dumping data for table `lab_group_dim`
--

LOCK TABLES `lab_group_dim` WRITE;
/*!40000 ALTER TABLE `lab_group_dim` DISABLE KEYS */;
INSERT INTO `lab_group_dim` VALUES (1,1,"nulla.","vitae diam.","scelerisque neque sed sem",2016),(2,2,"iaculis","in sodales","natoque penatibus et magnis",2017),(3,3,"interdum","Sed nunc","scelerisque sed, sapien. Nunc",2017),(4,4,"suscipit","mi tempor","sit amet, faucibus ut,",2013),(5,5,"eget","mauris sit","sit amet risus. Donec",2015),(6,6,"Duis","per conubia","Duis a mi fringilla",2014),(7,7,"non","arcu. Aliquam","Nulla tempor augue ac",2014),(8,8,"nisi.","leo elementum","mauris. Morbi non sapien",2016),(9,9,"eros","volutpat. Nulla","at pede. Cras vulputate",2014),(10,10,"imperdiet","Donec consectetuer","enim non nisi. Aenean",2014);
INSERT INTO `lab_group_dim` VALUES (11,11,"Aenean","montes, nascetur","elit. Curabitur sed tortor.",2015),(12,12,"urna.","sed leo.","imperdiet ornare. In faucibus.",2013),(13,13,"eu","neque. Morbi","Nunc mauris sapien, cursus",2016),(14,14,"egestas","vitae purus","turpis non enim. Mauris",2015),(15,15,"Pellentesque","pede sagittis","facilisis vitae, orci. Phasellus",2017),(16,16,"non,","Vivamus non","sit amet ante. Vivamus",2013),(17,17,"metus.","Mauris vel","non quam. Pellentesque habitant",2013),(18,18,"a","rhoncus. Donec","lobortis augue scelerisque mollis.",2013),(19,19,"arcu.","sapien imperdiet","Suspendisse sed dolor. Fusce",2014),(20,20,"eu","ut, pellentesque","dignissim lacus. Aliquam rutrum",2017);
INSERT INTO `lab_group_dim` VALUES (21,21,"eu","netus et","dolor vitae dolor. Donec",2015),(22,22,"Nam","leo elementum","lectus ante dictum mi,",2017),(23,23,"libero.","commodo tincidunt","nisl sem, consequat nec,",2016),(24,24,"ipsum","erat, in","nunc sed pede. Cum",2013),(25,25,"nec","ullamcorper magna.","semper et, lacinia vitae,",2017),(26,26,"justo.","Donec fringilla.","ac nulla. In tincidunt",2015),(27,27,"auctor","Mauris vestibulum,","adipiscing elit. Etiam laoreet,",2014),(28,28,"mollis.","porttitor tellus","id, blandit at, nisi.",2015),(29,29,"senectus","ut quam","non, sollicitudin a, malesuada",2016),(30,30,"non","ac, eleifend","egestas ligula. Nullam feugiat",2017);
INSERT INTO `lab_group_dim` VALUES (31,31,"laoreet,","feugiat. Lorem","odio a purus. Duis",2014),(32,32,"Integer","orci lacus","Ut nec urna et",2016),(33,33,"nulla.","Donec consectetuer","eu neque pellentesque massa",2016),(34,34,"ipsum","a, magna.","enim consequat purus. Maecenas",2013),(35,35,"massa","scelerisque neque","facilisis facilisis, magna tellus",2013),(36,36,"et","accumsan neque","ullamcorper magna. Sed eu",2013),(37,37,"sodales","elit. Nulla","nisi. Mauris nulla. Integer",2015),(38,38,"Integer","tristique neque","tempor augue ac ipsum.",2013),(39,39,"a,","ante. Vivamus","nibh. Aliquam ornare, libero",2014),(40,40,"sociosqu","dolor. Donec","In scelerisque scelerisque dui.",2016);
INSERT INTO `lab_group_dim` VALUES (41,41,"sed","ac metus","eu, ultrices sit amet,",2014),(42,42,"sit","diam at","vel arcu. Curabitur ut",2014),(43,43,"ac","Vestibulum ut","lobortis quis, pede. Suspendisse",2016),(44,44,"ac","vitae, sodales","ut mi. Duis risus",2017),(45,45,"penatibus","blandit mattis.","tempor bibendum. Donec felis",2017),(46,46,"urna","feugiat placerat","auctor, nunc nulla vulputate",2014),(47,47,"sit","bibendum fermentum","enim. Suspendisse aliquet, sem",2017),(48,48,"luctus.","libero. Proin","scelerisque neque. Nullam nisl.",2017),(49,49,"tincidunt","neque. In","posuere vulputate, lacus. Cras",2017),(50,50,"scelerisque","Nunc quis","ultricies sem magna nec",2013);
INSERT INTO `lab_group_dim` VALUES (51,51,"diam","nonummy ultricies","lectus, a sollicitudin orci",2017),(52,52,"a","ut, pellentesque","Donec est mauris, rhoncus",2015),(53,53,"eleifend","varius et,","sem magna nec quam.",2015),(54,54,"Nulla","purus ac","pellentesque a, facilisis non,",2014),(55,55,"risus.","Donec elementum,","Vivamus molestie dapibus ligula.",2015),(56,56,"nisl","molestie sodales.","placerat velit. Quisque varius.",2013),(57,57,"Cras","Morbi sit","ridiculus mus. Aenean eget",2014),(58,58,"lectus","malesuada ut,","libero lacus, varius et,",2014),(59,59,"non,","odio a","semper cursus. Integer mollis.",2016),(60,60,"Aenean","dui lectus","ipsum leo elementum sem,",2013);
INSERT INTO `lab_group_dim` VALUES (61,61,"eget","blandit. Nam","urna. Nullam lobortis quam",2015),(62,62,"orci","Mauris ut","risus odio, auctor vitae,",2014),(63,63,"non,","at, iaculis","mollis. Phasellus libero mauris,",2017),(64,64,"et","Fusce mi","Proin ultrices. Duis volutpat",2013),(65,65,"at,","mauris eu","sed, facilisis vitae, orci.",2016),(66,66,"a","rhoncus. Proin","Aliquam nisl. Nulla eu",2014),(67,67,"sociis","augue porttitor","tempus eu, ligula. Aenean",2014),(68,68,"Nunc","Vestibulum ante","at fringilla purus mauris",2014),(69,69,"interdum.","semper et,","eleifend egestas. Sed pharetra,",2014),(70,70,"laoreet,","eget metus","sed leo. Cras vehicula",2016);
INSERT INTO `lab_group_dim` VALUES (71,71,"libero.","Vivamus nibh","ornare lectus justo eu",2017),(72,72,"turpis","sem eget","molestie pharetra nibh. Aliquam",2014),(73,73,"vel","lectus rutrum","dapibus gravida. Aliquam tincidunt,",2015),(74,74,"Proin","tempus scelerisque,","ut erat. Sed nunc",2017),(75,75,"molestie","enim, gravida","non lorem vitae odio",2013),(76,76,"sem","sem. Nulla","dictum eu, placerat eget,",2014),(77,77,"aliquet","dui, in","accumsan laoreet ipsum. Curabitur",2016),(78,78,"a,","risus. In","arcu. Nunc mauris. Morbi",2014),(79,79,"facilisis.","pede, ultrices","nisi dictum augue malesuada",2015),(80,80,"erat","Nunc lectus","ridiculus mus. Proin vel",2016);
INSERT INTO `lab_group_dim` VALUES (81,81,"felis","eget, dictum","parturient montes, nascetur ridiculus",2014),(82,82,"ut","gravida sit","eleifend, nunc risus varius",2015),(83,83,"Donec","risus. In","erat volutpat. Nulla facilisis.",2016),(84,84,"Duis","nec, mollis","eu turpis. Nulla aliquet.",2013),(85,85,"venenatis","mollis vitae,","tempor diam dictum sapien.",2016),(86,86,"Nulla","vel, convallis","risus odio, auctor vitae,",2013),(87,87,"Sed","Aliquam nisl.","eros turpis non enim.",2014),(88,88,"Suspendisse","scelerisque scelerisque","ac urna. Ut tincidunt",2017),(89,89,"aliquet","Curae; Phasellus","nulla ante, iaculis nec,",2014),(90,90,"ut","vitae risus.","magna sed dui. Fusce",2015);
INSERT INTO `lab_group_dim` VALUES (91,91,"sem.","nibh. Donec","mollis dui, in sodales",2016),(92,92,"nulla.","diam eu","mi pede, nonummy ut,",2015),(93,93,"bibendum","mauris. Morbi","pede. Suspendisse dui. Fusce",2013),(94,94,"in,","feugiat placerat","velit. Cras lorem lorem,",2017),(95,95,"vel","nonummy ultricies","libero. Proin mi. Aliquam",2016),(96,96,"in","vulputate, posuere","Morbi accumsan laoreet ipsum.",2013),(97,97,"euismod","Cum sociis","mauris elit, dictum eu,",2013),(98,98,"ipsum.","tristique neque","Donec consectetuer mauris id",2016),(99,99,"et,","ligula. Aenean","adipiscing elit. Etiam laoreet,",2014),(100,100,"mauris","Vivamus nibh","eget ipsum. Suspendisse sagittis.",2017);
/*!40000 ALTER TABLE `lab_group_dim` ENABLE KEYS */;
UNLOCK TABLES;

--
-- Table structure for table `lecturer_dim`
--

DROP TABLE IF EXISTS `lecturer_dim`;
/*!40101 SET @saved_cs_client     = @@character_set_client */;
/*!40101 SET character_set_client = utf8 */;
CREATE TABLE `lecturer_dim` (
  `id` int(10) NOT NULL AUTO_INCREMENT,
  `lecturer_zamger_user_id` int(10) DEFAULT NULL,
  `first_name` varchar(50) NOT NULL,
  `last_name` varchar(50) NOT NULL,
  `is_student` tinyint(1) NOT NULL,
  `salary` decimal(19,0) DEFAULT NULL,
  `gender` int(10) NOT NULL,
  PRIMARY KEY (`id`),
  KEY `lecturer_dim` (`id`)
) ENGINE=InnoDB DEFAULT CHARSET=utf8;
/*!40101 SET character_set_client = @saved_cs_client */;

--
-- Dumping data for table `lecturer_dim`
--

LOCK TABLES `lecturer_dim` WRITE;
/*!40000 ALTER TABLE `lecturer_dim` DISABLE KEYS */;
/*!40000 ALTER TABLE `lecturer_dim` ENABLE KEYS */;
UNLOCK TABLES;

--
-- Table structure for table `roles`
--

DROP TABLE IF EXISTS `roles`;
/*!40101 SET @saved_cs_client     = @@character_set_client */;
/*!40101 SET character_set_client = utf8 */;
CREATE TABLE `roles` (
  `id` int(10) NOT NULL AUTO_INCREMENT,
  `name` varchar(50) DEFAULT NULL,
  PRIMARY KEY (`id`)
) ENGINE=InnoDB AUTO_INCREMENT=3 DEFAULT CHARSET=utf8;
/*!40101 SET character_set_client = @saved_cs_client */;

--
-- Dumping data for table `roles`
--

LOCK TABLES `roles` WRITE;
/*!40000 ALTER TABLE `roles` DISABLE KEYS */;
INSERT INTO `roles` VALUES (1,'ROLE_ADMIN'),(2,'ROLE_USER');
/*!40000 ALTER TABLE `roles` ENABLE KEYS */;
UNLOCK TABLES;

--
-- Table structure for table `semester_dim`
--

DROP TABLE IF EXISTS `semester_dim`;
/*!40101 SET @saved_cs_client     = @@character_set_client */;
/*!40101 SET character_set_client = utf8 */;
CREATE TABLE `semester_dim` (
  `id` int(10) NOT NULL AUTO_INCREMENT,
  `semester_id` int(10) NOT NULL,
  `title` varchar(255) DEFAULT NULL,
  `start_date` date NOT NULL,
  `end_date` date DEFAULT NULL,
  PRIMARY KEY (`id`),
  KEY `semester_dim` (`id`)
) ENGINE=InnoDB AUTO_INCREMENT=2 DEFAULT CHARSET=utf8;
/*!40101 SET character_set_client = @saved_cs_client */;

--
-- Dumping data for table `semester_dim`
--

LOCK TABLES `semester_dim` WRITE;
/*!40000 ALTER TABLE `semester_dim` DISABLE KEYS */;
INSERT INTO `semester_dim` VALUES (1,1,"pede.","2015-06-13","2017-04-01"),(2,2,"turpis","2017-12-13","2017-08-08"),(3,3,"justo","2016-09-28","2015-10-21"),(4,4,"commodo","2014-11-03","2018-03-30"),(5,5,"lorem","2016-12-30","2014-09-11"),(6,6,"Nulla","2015-08-18","2015-07-31"),(7,7,"neque","2015-11-14","2014-09-05"),(8,8,"penatibus","2014-06-20","2016-06-28"),(9,9,"tempus","2016-08-24","2014-12-03"),(10,10,"Mauris","2015-05-19","2018-06-05");
INSERT INTO `semester_dim` VALUES (11,11,"eget","2016-08-02","2014-01-14"),(12,12,"nunc","2017-05-25","2018-07-31"),(13,13,"sit","2018-10-18","2014-09-29"),(14,14,"primis","2017-01-12","2016-04-09"),(15,15,"erat","2017-06-24","2016-06-28"),(16,16,"placerat,","2013-11-30","2014-11-16"),(17,17,"neque","2014-03-06","2013-12-06"),(18,18,"aliquam","2018-06-01","2018-05-06"),(19,19,"metus","2018-08-06","2017-03-10"),(20,20,"nibh","2017-07-05","2015-03-09");
INSERT INTO `semester_dim` VALUES (21,21,"Morbi","2018-09-04","2015-09-22"),(22,22,"nonummy.","2017-01-14","2015-09-28"),(23,23,"sociosqu","2016-05-16","2014-12-05"),(24,24,"mi","2018-03-02","2016-01-29"),(25,25,"enim","2013-11-15","2014-07-21"),(26,26,"mattis","2018-03-01","2015-01-18"),(27,27,"nec","2017-09-25","2016-03-15"),(28,28,"nec","2016-10-09","2015-05-06"),(29,29,"orci,","2014-04-08","2015-11-22"),(30,30,"massa","2017-06-12","2014-07-29");
INSERT INTO `semester_dim` VALUES (31,31,"auctor","2018-08-05","2017-12-02"),(32,32,"Suspendisse","2017-04-14","2018-03-18"),(33,33,"pede","2014-07-12","2016-04-22"),(34,34,"eu","2018-04-19","2014-10-26"),(35,35,"orci.","2014-12-05","2014-02-04"),(36,36,"magna.","2016-03-12","2017-09-16"),(37,37,"Nullam","2017-07-20","2015-12-24"),(38,38,"dolor","2016-03-16","2014-01-27"),(39,39,"vel,","2015-07-09","2015-04-17"),(40,40,"viverra.","2017-08-22","2013-12-28");
INSERT INTO `semester_dim` VALUES (41,41,"Pellentesque","2015-05-21","2014-06-05"),(42,42,"varius","2017-01-14","2015-03-22"),(43,43,"sollicitudin","2016-12-13","2016-10-30"),(44,44,"semper","2017-10-12","2013-11-25"),(45,45,"odio.","2016-01-05","2018-08-31"),(46,46,"sollicitudin","2017-09-16","2018-05-28"),(47,47,"facilisis","2018-03-19","2015-07-13"),(48,48,"ac","2016-12-14","2017-03-03"),(49,49,"turpis","2017-04-27","2016-03-07"),(50,50,"convallis","2017-11-14","2018-07-13");
INSERT INTO `semester_dim` VALUES (51,51,"lectus","2014-06-04","2015-06-26"),(52,52,"Donec","2017-03-17","2017-10-08"),(53,53,"ultrices,","2015-12-06","2017-12-06"),(54,54,"erat","2016-09-10","2014-11-04"),(55,55,"sociis","2016-01-05","2016-09-21"),(56,56,"natoque","2014-04-23","2018-06-20"),(57,57,"felis","2017-03-12","2017-08-17"),(58,58,"accumsan","2017-07-09","2017-03-18"),(59,59,"ante","2015-01-31","2015-10-26"),(60,60,"dictum.","2018-09-14","2014-04-09");
INSERT INTO `semester_dim` VALUES (61,61,"Integer","2016-08-22","2015-06-19"),(62,62,"Aenean","2015-02-24","2014-11-26"),(63,63,"nunc","2015-07-12","2016-03-29"),(64,64,"sagittis","2014-01-31","2017-07-18"),(65,65,"nonummy","2016-11-02","2017-09-24"),(66,66,"erat","2018-02-17","2018-06-03"),(67,67,"dolor","2016-03-26","2015-11-24"),(68,68,"netus","2014-07-16","2014-06-26"),(69,69,"in","2016-01-12","2017-03-03"),(70,70,"aliquet","2016-08-27","2017-08-04");
INSERT INTO `semester_dim` VALUES (71,71,"nec","2017-02-19","2015-07-16"),(72,72,"metus","2014-12-18","2015-07-22"),(73,73,"tempus","2015-07-31","2016-08-25"),(74,74,"pede,","2016-12-16","2014-01-31"),(75,75,"dolor","2016-12-30","2017-12-05"),(76,76,"tempor","2016-09-14","2014-04-18"),(77,77,"Vestibulum","2016-08-24","2016-04-19"),(78,78,"et","2017-07-28","2014-11-19"),(79,79,"lobortis","2016-05-02","2017-07-31"),(80,80,"ut","2018-09-20","2015-05-25");
INSERT INTO `semester_dim` VALUES (81,81,"magna","2014-05-04","2014-07-30"),(82,82,"leo","2018-04-13","2015-03-20"),(83,83,"facilisis.","2014-01-04","2016-07-18"),(84,84,"dolor.","2015-08-04","2017-09-06"),(85,85,"posuere,","2016-02-19","2016-07-19"),(86,86,"Mauris","2017-09-16","2018-09-19"),(87,87,"eget","2013-11-28","2015-08-07"),(88,88,"Cras","2015-04-21","2014-08-16"),(89,89,"natoque","2017-12-07","2018-04-08"),(90,90,"Nunc","2018-10-14","2014-11-21");
INSERT INTO `semester_dim` VALUES (91,91,"Sed","2014-09-10","2015-04-24"),(92,92,"ac","2017-02-05","2017-04-18"),(93,93,"tincidunt","2015-02-13","2016-05-03"),(94,94,"leo,","2016-03-07","2016-06-02"),(95,95,"odio.","2018-04-12","2016-08-20"),(96,96,"dui","2015-10-24","2016-05-30"),(97,97,"Nunc","2018-07-01","2018-08-29"),(98,98,"aliquet","2016-10-23","2017-07-17"),(99,99,"Curae;","2015-08-19","2017-12-21"),(100,100,"iaculis","2014-04-19","2014-08-05");
/*!40000 ALTER TABLE `semester_dim` ENABLE KEYS */;
UNLOCK TABLES;

--
-- Table structure for table `student_fact`
--

DROP TABLE IF EXISTS `student_fact`;
/*!40101 SET @saved_cs_client     = @@character_set_client */;
/*!40101 SET character_set_client = utf8 */;
CREATE TABLE `student_fact` (
  `id` bigint(19) NOT NULL AUTO_INCREMENT,
  `student_user_id` int(10) DEFAULT NULL,
  `jmbg` varchar(50) NOT NULL,
  `first_name` varchar(50) NOT NULL,
  `last_name` varchar(50) NOT NULL,
  `email` varchar(64) DEFAULT NULL,
  `address` varchar(128) DEFAULT NULL,
  `username` varchar(64) NOT NULL,
  `birthdate` date NOT NULL,
  `gender` int(10) NOT NULL,
  `lab_group_dim_id` int(10) NOT NULL,
  `enrollment_date_dim_id` int(10) NOT NULL,
  `dissrollment_date_dim_id` int(10) DEFAULT NULL,
  `department_dim_id` int(10) NOT NULL,
  `graduation_date_dim_id` int(10) DEFAULT NULL,
  `current_semester_dim_id` int(10) NOT NULL,
  `study_year` int(10) NOT NULL,
  `budget` tinyint(1) NOT NULL,
  `average_grade` decimal(19,0) NOT NULL,
  PRIMARY KEY (`id`),
  KEY `student_fact` (`id`),
  KEY `FKstudent_fa585220` (`enrollment_date_dim_id`),
  KEY `FKstudent_fa871910` (`current_semester_dim_id`),
  KEY `FKstudent_fa451922` (`lab_group_dim_id`),
  KEY `FKstudent_fa734639` (`department_dim_id`),
  KEY `FKstudent_fa113871` (`graduation_date_dim_id`),
  KEY `FKstudent_fa698025` (`dissrollment_date_dim_id`),
  CONSTRAINT `FKstudent_fa113871` FOREIGN KEY (`graduation_date_dim_id`) REFERENCES `date_dim` (`id`),
  CONSTRAINT `FKstudent_fa451922` FOREIGN KEY (`lab_group_dim_id`) REFERENCES `lab_group_dim` (`id`),
  CONSTRAINT `FKstudent_fa585220` FOREIGN KEY (`enrollment_date_dim_id`) REFERENCES `date_dim` (`id`),
  CONSTRAINT `FKstudent_fa698025` FOREIGN KEY (`dissrollment_date_dim_id`) REFERENCES `date_dim` (`id`),
  CONSTRAINT `FKstudent_fa734639` FOREIGN KEY (`department_dim_id`) REFERENCES `department_dim` (`id`),
  CONSTRAINT `FKstudent_fa871910` FOREIGN KEY (`current_semester_dim_id`) REFERENCES `semester_dim` (`id`)
) ENGINE=InnoDB AUTO_INCREMENT=5 DEFAULT CHARSET=utf8;
/*!40101 SET character_set_client = @saved_cs_client */;

--
-- Dumping data for table `student_fact`
--

LOCK TABLES `student_fact` WRITE;
/*!40000 ALTER TABLE `student_fact` DISABLE KEYS */;
INSERT INTO `student_fact` VALUES (1,1,"7046877173719","Thor","Morin","natoque@ut.co.uk","907-2854 Curae; Road","May","1992-06-30",2,62,1,10,4,13,3,1,0,6),(2,2,"8027711779995","Alfreda","Livingston","in@penatibusetmagnis.net","6749 Aliquam Street","Cameron","1990-08-06",0,59,1,7,3,13,33,2,0,9),(3,3,"9421733586828","Nora","Mathis","Cras.dolor@etrutrumnon.co.uk","915-3854 Sagittis. St.","Murphy","1993-12-18",1,81,4,8,4,10,16,5,1,7),(4,4,"0131706263973","Virginia","Sampson","Morbi.vehicula.Pellentesque@consectetuercursuset.edu","P.O. Box 743, 6656 Libero Rd.","Astra","1987-05-06",2,77,5,9,2,10,18,4,0,9),(5,5,"6679863091261","Mufutau","Heath","a@egestashendreritneque.org","P.O. Box 514, 3978 Sit Road","Carson","1994-10-13",2,21,1,10,4,12,33,5,1,10),(6,6,"0372130003752","Xanthus","Douglas","commodo.at@feugiattellus.edu","469-7110 Amet, Av.","Deanna","1995-01-17",2,65,2,7,3,13,33,5,0,7),(7,7,"7624793451720","Brody","Burris","tincidunt.nunc.ac@Phasellusdapibusquam.ca","P.O. Box 787, 9412 In Rd.","Daniel","1993-07-03",2,70,1,10,2,12,19,2,0,6),(8,8,"9392336821184","Maris","Mcdowell","bibendum.sed.est@erat.edu","P.O. Box 732, 3771 Sagittis Road","Geraldine","1994-09-05",0,79,2,9,1,10,27,1,1,6),(9,9,"8435663753300","Ciara","Santana","mi.lorem.vehicula@molestie.org","9952 Magna. Rd.","Zia","1987-09-30",1,3,5,8,3,10,31,4,1,10),(10,10,"8712879243231","Nayda","Stuart","imperdiet.ornare@perinceptos.net","309-8382 Consequat Rd.","Linus","1997-01-13",1,34,2,10,4,12,15,5,0,10);
INSERT INTO `student_fact` VALUES (11,11,"4706034086075","Tallulah","Cannon","Vestibulum.accumsan.neque@dictumeleifend.net","524-6751 Consequat Road","Yetta","1985-10-11",1,51,3,7,1,13,45,5,1,8),(12,12,"2725734539062","Adena","Gutierrez","velit@libero.org","P.O. Box 141, 9222 Eu, Street","Donna","1988-03-02",1,14,3,6,3,13,38,5,1,9),(13,13,"2522377386554","Malcolm","Hanson","malesuada@sempereratin.ca","9857 Sapien. Rd.","Cassady","1996-03-21",1,52,1,9,3,10,12,4,0,6),(14,14,"9749848826690","Austin","Romero","sodales.Mauris@feugiatSednec.edu","Ap #792-321 Elit Rd.","Noel","1991-10-31",1,66,2,10,1,12,5,4,1,10),(15,15,"0158484425533","Knox","Wagner","augue.ut.lacus@cursusin.net","914-6536 Egestas. Road","Gabriel","1996-10-14",2,8,1,7,2,11,27,2,0,10),(16,16,"4715418598564","Cain","Robinson","magna@temporarcuVestibulum.edu","661-5101 Parturient Road","Keane","1988-12-02",0,58,1,10,2,11,16,1,0,6),(17,17,"6100983578085","Ruth","Cunningham","varius.Nam.porttitor@eu.edu","8974 Pede, Avenue","Keiko","1997-06-02",0,100,3,7,4,13,19,4,1,7),(18,18,"5165394884333","Raymond","Ortega","Donec.egestas.Aliquam@Inlorem.edu","P.O. Box 557, 4672 Lectus Ave","Madeline","1991-12-11",2,86,3,8,1,13,11,1,1,7),(19,19,"7014259922866","Kato","Fry","amet@ametlorem.co.uk","806-6331 Non Rd.","Jin","1989-02-25",0,14,5,10,4,10,26,5,1,6),(20,20,"1493562717646","Lillith","Crane","eu@Etiam.org","229-3726 Ac Rd.","Sebastian","1986-04-19",0,31,1,9,1,10,38,3,1,10);
INSERT INTO `student_fact` VALUES (21,21,"6803917168435","Conan","Keith","Vivamus.nibh.dolor@nibh.net","814-9372 Purus, Road","Damian","1986-03-28",2,11,4,7,4,12,30,5,0,6),(22,22,"3715371209716","Conan","Garrett","Nulla.interdum.Curabitur@nisiCum.com","3900 Malesuada Road","Alika","1986-10-08",0,14,1,7,1,10,41,2,1,9),(23,23,"9344581388568","Nichole","Knox","sit.amet.consectetuer@Crasinterdum.co.uk","4478 Cras Road","Rowan","1987-12-02",2,91,2,10,1,10,42,3,1,10),(24,24,"8231955253403","Levi","Sears","lectus.sit.amet@dui.ca","P.O. Box 708, 5890 Metus Rd.","Lillian","1988-03-08",2,35,1,6,3,12,44,1,1,7),(25,25,"8095524094092","Elliott","Mann","a@elitEtiamlaoreet.ca","Ap #710-8564 Pede St.","Robert","1994-08-06",2,60,5,10,2,12,28,4,0,6),(26,26,"6901301320588","Aphrodite","Pace","odio@nulla.co.uk","446-6783 Ultrices Rd.","Wesley","1994-10-08",2,23,5,8,2,13,45,1,0,9),(27,27,"2977296514445","Leandra","Burns","mi@Etiamligula.ca","P.O. Box 676, 8140 Rutrum Avenue","Kaye","1990-06-12",1,58,1,7,3,12,48,5,1,7),(28,28,"4044839279058","Unity","Mercer","vulputate@nequeMorbiquis.co.uk","8545 Nisl. Street","Cadman","1987-02-26",0,100,3,7,3,11,31,1,0,8),(29,29,"7734462624144","Keelie","Lester","velit.eu@posuereat.com","P.O. Box 784, 8171 Interdum. St.","Berk","1990-09-25",2,20,3,7,3,12,8,3,0,9),(30,30,"9250287316137","Wesley","Vance","pede.nonummy.ut@velit.net","Ap #248-6282 Orci Rd.","Daniel","1985-04-07",0,68,2,8,4,10,27,4,1,9);
INSERT INTO `student_fact` VALUES (31,31,"9979069277821","Maggie","Barrett","arcu.Vestibulum@magna.co.uk","P.O. Box 919, 6759 Felis Street","Ella","1992-01-06",1,36,5,9,1,10,39,2,0,10),(32,32,"0053186416479","Octavia","Barrera","a@Nam.org","P.O. Box 444, 6309 Luctus Ave","Allegra","1988-04-08",1,2,1,7,1,11,16,1,0,8),(33,33,"1896424172011","Amena","Jimenez","Nulla@sagittis.ca","966-5196 Cursus Street","Ori","1989-12-10",1,9,1,6,2,13,33,5,0,9),(34,34,"8216077237326","Cole","Sargent","libero@Aliquamnec.edu","P.O. Box 523, 7127 Eu Avenue","Skyler","1988-02-19",0,39,3,10,2,13,21,2,1,10),(35,35,"6648616786173","Marvin","Gates","sem.mollis@eratvel.ca","9429 Iaculis Street","Owen","1994-01-04",1,46,4,10,3,13,23,1,1,6),(36,36,"5198127982029","Clark","Cabrera","Vivamus.nibh.dolor@PhasellusornareFusce.net","406-9287 Dolor. Street","Sonya","1987-08-26",0,88,3,9,4,13,15,3,0,6),(37,37,"2243243681536","Louis","Gaines","diam@placerat.edu","Ap #488-6190 Vitae Rd.","Orlando","1996-03-01",0,18,4,6,4,13,47,5,1,8),(38,38,"1189519965645","Stone","Dickson","vulputate.ullamcorper@orciconsectetuereuismod.ca","486-3476 Ut, Rd.","Dante","1987-09-02",2,39,5,8,1,10,7,5,0,9),(39,39,"4222913005269","Harper","Norris","et@dictum.edu","Ap #418-9387 Risus. St.","Jacob","1991-04-02",2,55,2,6,1,11,32,1,1,9),(40,40,"9336767068694","Isaac","Ellison","aliquam@auctor.ca","338-5921 Congue, Road","Asher","1985-03-13",1,78,4,10,4,11,9,4,1,10);
INSERT INTO `student_fact` VALUES (41,41,"9898822475040","Driscoll","Morgan","vel.arcu@venenatislacus.net","Ap #167-7357 Arcu Rd.","Rooney","1996-10-11",1,6,4,8,2,10,17,3,0,8),(42,42,"3579630790713","Plato","Mcmahon","Aliquam.gravida@arcu.ca","286-6893 Dictum Road","Rhiannon","1993-02-26",0,47,3,7,3,12,25,5,1,8),(43,43,"5064323058646","Colt","Wise","tristique.senectus.et@eleifendegestas.ca","P.O. Box 680, 9850 Faucibus St.","Damon","1988-05-28",1,89,5,10,4,11,46,4,1,6),(44,44,"9343173607422","Armando","Buchanan","faucibus.id.libero@etmagnis.ca","Ap #390-7566 Consectetuer Avenue","Claudia","1995-04-25",0,73,2,7,1,13,36,5,1,10),(45,45,"7954619887491","Amena","Wilkerson","blandit.mattis.Cras@etultricesposuere.co.uk","1674 Nullam Road","Vaughan","1994-07-27",2,25,2,8,4,13,14,1,1,10),(46,46,"8137479988741","Iris","Greene","neque@Nuncullamcorper.org","346-5244 Dolor St.","Henry","1988-07-04",0,88,3,9,4,10,32,3,1,10),(47,47,"5146939141031","Levi","Thornton","metus@Nulla.co.uk","Ap #254-7576 Proin Avenue","Erin","1989-07-02",1,46,5,8,3,11,33,5,1,9),(48,48,"4714885425616","Sharon","Mcleod","malesuada.vel@molestieorci.com","1957 Libero. St.","Madaline","1987-11-07",0,11,3,9,3,12,17,3,1,7),(49,49,"1806863849411","Blaine","Howell","eget.dictum@nulla.ca","576-2286 Sit Rd.","Owen","1987-08-02",1,80,1,8,4,11,5,2,1,7),(50,50,"6765774809180","Alyssa","Travis","Proin@vitaesodales.com","P.O. Box 688, 4849 Eget, Rd.","Kasimir","1994-03-29",1,92,2,6,3,13,27,4,0,9);
INSERT INTO `student_fact` VALUES (51,51,"8462240782409","Graiden","Floyd","Fusce.aliquet.magna@etmalesuada.edu","1532 Quam. Street","Acton","1997-02-10",0,19,5,9,1,11,42,4,0,7),(52,52,"5428842012816","Inez","Dale","nunc.interdum.feugiat@adlitora.com","Ap #279-5815 Purus Road","Stephanie","1992-06-21",2,92,1,6,4,10,6,4,0,9),(53,53,"4194906337224","Forrest","Joyce","nibh.Donec.est@ac.com","Ap #443-2902 Tellus Rd.","Jamalia","1988-07-26",0,16,2,8,4,11,19,2,1,10),(54,54,"3765584058706","Herman","Ayers","eu.eleifend@felis.edu","337-1227 In Rd.","Mia","1990-12-05",0,56,1,7,2,10,39,2,1,9),(55,55,"4696586122557","Thor","Mosley","Proin.non.massa@tortorInteger.co.uk","P.O. Box 301, 8199 Netus St.","Melodie","1992-09-19",0,14,4,8,4,11,24,3,0,8),(56,56,"6131343229994","Raven","Ellison","sed.facilisis.vitae@faucibusutnulla.com","P.O. Box 207, 4695 Ac Av.","Brennan","1985-07-19",2,35,5,9,1,10,20,3,0,7),(57,57,"8290782809586","Neve","Wallace","Mauris.vel.turpis@semper.edu","Ap #626-6816 Arcu. Street","Kameko","1988-07-25",1,47,2,6,2,11,14,5,0,9),(58,58,"4967207642740","Lance","Stephens","odio.Etiam@urnaNullam.ca","305-3502 Ut St.","Harper","1990-10-16",1,77,1,8,4,13,19,2,0,6),(59,59,"2649792838355","Melvin","Pacheco","amet.risus.Donec@lobortisauguescelerisque.co.uk","5803 Diam. St.","Cheyenne","1994-04-22",1,77,3,6,2,12,21,2,0,10),(60,60,"8298749284637","Imani","Cameron","parturient@lacusEtiambibendum.net","P.O. Box 309, 340 Pellentesque Av.","Kareem","1988-10-15",0,59,3,6,1,11,38,1,0,6);
INSERT INTO `student_fact` VALUES (61,61,"8182787814865","Karina","Thornton","justo@temporaugueac.org","Ap #201-4519 Ligula. St.","Nasim","1992-07-03",2,18,2,10,3,11,4,5,0,9),(62,62,"2416006886223","Hillary","Bullock","risus.Morbi.metus@fermentumvel.com","Ap #821-6138 Non Ave","Desirae","1991-05-22",0,25,4,7,1,11,19,2,1,8),(63,63,"7160814725254","Seth","Gibbs","eleifend@enimnec.edu","P.O. Box 371, 9433 Dictum Road","Bree","1993-08-26",0,17,4,10,4,11,16,1,1,8),(64,64,"8924167173146","Amy","Simmons","ultricies.adipiscing.enim@faucibus.org","Ap #460-8303 Mauris St.","Tallulah","1987-09-22",1,70,1,10,2,13,46,5,0,9),(65,65,"5854314176548","Erica","Perkins","ligula.Donec@loremacrisus.edu","P.O. Box 912, 6829 Non, Rd.","Bert","1996-10-20",2,45,5,7,2,10,50,4,0,7),(66,66,"7320438414751","Armando","Bond","et.magnis@nunc.ca","939-8388 Amet Rd.","Selma","1987-03-27",0,50,2,6,3,10,4,2,1,8),(67,67,"8280785991201","Wade","Wood","Fusce.aliquam@molestietortornibh.co.uk","8922 Odio. Rd.","Hanna","1988-10-19",0,91,3,6,2,12,31,4,0,8),(68,68,"4256324426458","Phillip","Roman","eu.enim.Etiam@posuerecubiliaCurae.org","546-2000 Massa. Rd.","Akeem","1990-03-25",0,60,1,7,2,12,46,2,0,9),(69,69,"3260898180913","Tatiana","Mann","elit.Nulla.facilisi@infaucibus.org","957-8052 Nulla. Rd.","Maxwell","1993-02-20",2,81,3,7,2,13,39,3,1,6),(70,70,"9473813283154","Teagan","Peters","Pellentesque.ut@Vivamussitamet.org","Ap #139-7128 Habitant Rd.","Ivana","1993-11-01",0,29,1,6,1,13,30,1,1,6);
INSERT INTO `student_fact` VALUES (71,71,"9876595250637","Salvador","Koch","mi.tempor.lorem@consequatdolor.net","112-1597 Pede Road","Kasimir","1989-08-14",0,43,5,8,1,10,40,3,1,10),(72,72,"3097637780364","Jada","Dennis","facilisis.lorem@metus.co.uk","P.O. Box 209, 8347 Iaculis, Ave","Emery","1990-04-01",2,100,5,10,2,10,33,1,1,9),(73,73,"7634540110796","Chester","Deleon","sed.dui@purus.edu","653-2475 Proin St.","Colette","1988-06-11",0,25,1,10,3,13,41,2,1,7),(74,74,"4403989005583","Marny","Buckley","Duis@Phaselluslibero.co.uk","Ap #881-2199 Nam Road","Wayne","1988-04-18",1,84,1,9,4,10,9,1,0,7),(75,75,"1686596487214","Allegra","Mckay","ullamcorper.velit.in@aliquetliberoInteger.com","393-1947 Donec Rd.","Arthur","1987-07-02",2,53,1,6,1,13,49,2,1,6),(76,76,"2094585744776","Sawyer","Zamora","iaculis.enim.sit@pellentesque.org","7025 Aenean Ave","Warren","1990-02-03",1,30,5,8,1,10,25,2,0,7),(77,77,"4277930415809","Rogan","Moon","mauris.Suspendisse.aliquet@famesacturpis.org","902-1829 Vitae Rd.","Lucian","1995-01-19",1,29,1,8,3,13,3,1,0,7),(78,78,"7512973804374","Hadassah","Langley","lacinia@Morbiquis.edu","975-6296 Auctor Rd.","Eaton","1984-12-25",0,49,5,10,1,13,19,3,1,10),(79,79,"4268156636765","Bree","Dorsey","Cras@InloremDonec.co.uk","254-4316 Aliquam Rd.","Kaye","1993-12-05",1,63,3,10,3,13,6,5,0,10),(80,80,"3206383887998","Claire","Atkinson","et.malesuada.fames@euismod.org","P.O. Box 429, 1276 Aliquam Road","Lunea","1986-12-20",2,30,5,10,2,10,32,4,1,10);
INSERT INTO `student_fact` VALUES (81,81,"5155085350545","Gwendolyn","Knowles","ullamcorper.magna.Sed@nuncullamcorpereu.com","198-7533 Et Avenue","Emery","1991-10-23",2,13,5,7,3,11,24,2,1,10),(82,82,"5363231685053","Wayne","Guerrero","Nullam.suscipit@egetmassa.org","385-203 Mollis Avenue","Naomi","1991-10-24",1,75,1,7,2,10,3,1,1,8),(83,83,"8531039862756","Baker","Cameron","dapibus.id.blandit@elementumduiquis.net","255 Commodo St.","Deirdre","1993-07-12",2,85,5,7,4,12,11,3,0,6),(84,84,"0742079437089","Yen","Diaz","Etiam.laoreet@Donec.com","668-8902 Aenean Rd.","Wanda","1988-03-26",2,64,1,9,3,11,25,2,1,7),(85,85,"4817487115747","Vincent","Lowe","in.sodales@sagittisaugueeu.org","6333 Lobortis Road","Eaton","1989-09-29",2,72,1,8,4,13,31,4,1,6),(86,86,"7001900941753","Nyssa","Parks","sem.molestie.sodales@adipiscingenimmi.ca","514-1319 Ultrices Ave","Calvin","1985-04-12",0,38,5,9,1,12,35,2,1,10),(87,87,"5823563880904","Nasim","Buck","urna.convallis@rutrum.net","2297 Nec, St.","Cailin","1996-02-21",1,88,2,9,2,10,43,3,1,6),(88,88,"4278176870645","Isabella","Sweeney","dapibus@eu.com","3774 Cursus Rd.","Vanna","1997-06-13",2,95,4,6,4,10,2,2,0,9),(89,89,"6869333403929","Kenneth","Mann","diam.eu.dolor@diam.co.uk","609-6704 Turpis Rd.","Caldwell","1997-11-03",0,93,4,9,3,10,44,4,1,10),(90,90,"6205450982953","Meredith","Ruiz","sem.magna@nonnisiAenean.ca","3277 Sed Avenue","August","1987-09-24",1,68,4,9,4,13,32,1,1,7);
INSERT INTO `student_fact` VALUES (91,91,"0954389558892","Hilda","Kemp","accumsan.neque.et@sodalesat.edu","Ap #131-7930 Nulla St.","Carolyn","1986-10-03",2,66,1,9,4,13,35,4,1,6),(92,92,"3463020213091","Lacey","Dejesus","at@sagittis.co.uk","185-4923 Adipiscing Av.","Hunter","1997-10-10",2,62,3,6,2,10,2,5,1,10),(93,93,"4667353197408","Brianna","Poole","sed.consequat.auctor@tellussem.ca","Ap #104-703 Nam Avenue","Rhiannon","1993-02-18",2,44,5,9,4,12,38,3,1,9),(94,94,"7313056387903","Jennifer","Rivers","sit.amet@quis.edu","3659 Vestibulum. Ave","Giacomo","1996-08-27",2,70,3,6,4,12,44,1,1,8),(95,95,"9198849691888","Ronan","Mcgee","tristique.ac@eleifend.net","2018 Malesuada Av.","Joshua","1988-11-18",2,42,5,6,2,13,10,4,1,9),(96,96,"4073266728002","Harlan","Henson","Proin@vitaesodales.ca","Ap #702-211 Tempor St.","Hanae","1996-10-31",2,89,1,8,2,10,27,4,1,8),(97,97,"9657948230289","Marah","Patton","dui.Fusce@semelitpharetra.co.uk","565-9919 Egestas St.","Baxter","1992-03-16",0,63,5,6,3,10,3,5,1,6),(98,98,"1946902589288","Yolanda","Christian","mus@sitamet.org","2844 Dolor. Street","Mechelle","1990-02-23",0,37,1,7,4,11,30,1,0,7),(99,99,"7436836309753","Zelda","Douglas","Nulla@SuspendissesagittisNullam.edu","Ap #138-4529 Praesent Rd.","Nadine","1997-09-08",1,29,4,10,4,13,35,4,1,9),(100,100,"2314583245019","Shelby","Mcfarland","ultricies.sem@fringilla.com","429-7238 Convallis St.","Yolanda","1996-03-22",1,99,2,7,2,13,22,4,0,7);
INSERT INTO `student_fact` (`id`,`student_user_id`,`jmbg`,`first_name`,`last_name`,`email`,`address`,`username`,`birthdate`,`gender`,`lab_group_dim_id`,`enrollment_date_dim_id`,`dissrollment_date_dim_id`,`department_dim_id`,`graduation_date_dim_id`,`current_semester_dim_id`,`study_year`,`budget`,`average_grade`) VALUES (101,101,"0296937796526","Mariko","Holcomb","tempor.bibendum.Donec@ultricesDuisvolutpat.co.uk","P.O. Box 113, 5724 Lectus. Ave","Grace","1994-11-27",1,16,3,9,4,13,27,5,1,9),(102,102,"7989807676875","Michael","Neal","metus@utodiovel.co.uk","P.O. Box 835, 2609 Libero Rd.","Jasper","1990-10-31",1,77,5,6,3,12,36,4,1,9),(103,103,"9219119853695","Dexter","Owen","porttitor.scelerisque@placerataugueSed.edu","6273 Aliquam Ave","Colin","1993-05-15",1,92,5,7,3,11,46,5,0,7),(104,104,"0244692202002","Arden","Andrews","libero@ametdiam.ca","250 Et, Road","Alma","1992-03-02",1,59,4,9,3,13,43,1,0,6),(105,105,"6583461646538","Elvis","Lester","sit.amet.dapibus@torquent.ca","4441 Dictum Av.","Chloe","1994-09-19",0,47,5,7,4,13,22,1,0,7),(106,106,"7629585599419","Armand","Santana","ante@facilisisfacilisismagna.co.uk","P.O. Box 428, 9088 Aenean Street","Jamal","1992-06-04",2,64,2,6,2,11,49,4,1,8),(107,107,"4731026910131","Hiroko","Price","non@sedestNunc.edu","Ap #743-6748 Euismod Avenue","Dante","1993-02-06",2,35,2,7,2,12,50,4,0,10),(108,108,"7277139801251","Phelan","Mooney","et.magnis.dis@vehicula.co.uk","Ap #795-3028 Ornare Ave","Jonas","1990-07-22",0,76,4,6,4,13,5,2,1,8),(109,109,"8217636620655","Ursula","Castro","vitae.mauris.sit@diamvel.co.uk","Ap #930-1888 Faucibus Road","Avram","1986-10-02",1,59,5,6,3,10,30,3,1,10),(110,110,"3106918157105","Nash","Stark","ac.feugiat@atarcuVestibulum.org","P.O. Box 918, 8176 Orci. Road","Karleigh","1996-09-19",1,10,3,7,3,10,14,1,0,8);
INSERT INTO `student_fact` (`id`,`student_user_id`,`jmbg`,`first_name`,`last_name`,`email`,`address`,`username`,`birthdate`,`gender`,`lab_group_dim_id`,`enrollment_date_dim_id`,`dissrollment_date_dim_id`,`department_dim_id`,`graduation_date_dim_id`,`current_semester_dim_id`,`study_year`,`budget`,`average_grade`) VALUES (111,111,"2384582381895","Isaiah","Gonzalez","lobortis.tellus@lacusQuisqueimperdiet.ca","Ap #589-9838 Magna. Av.","Mira","1995-01-09",1,53,4,6,4,13,20,5,1,9),(112,112,"4187765170252","Fallon","Shannon","ultricies.adipiscing.enim@bibendumsed.org","4233 Nec, Rd.","Lareina","1988-09-29",1,65,3,8,3,10,42,4,1,10),(113,113,"9760902367086","Patience","Knox","dictum.magna.Ut@maurisInteger.net","635-5292 Ac Rd.","Kennan","1995-07-24",0,3,4,9,2,13,3,1,1,8),(114,114,"0738176240942","Camilla","Dillard","tortor@acipsumPhasellus.org","686-768 Lectus. Rd.","Rinah","1991-04-28",0,99,1,8,4,11,6,5,1,8),(115,115,"8141368828615","Maggy","Mcintyre","semper@torquentperconubia.co.uk","P.O. Box 916, 8749 Enim. Avenue","Garth","1987-10-17",0,84,2,6,4,12,27,1,0,9),(116,116,"3154880930921","Serina","Mercado","sed@sem.co.uk","P.O. Box 785, 201 Nisi Ave","Simone","1996-09-21",0,56,1,6,4,13,38,3,0,10),(117,117,"3852010494817","Sara","Stuart","eu.nibh.vulputate@arcu.com","4912 Non, Avenue","Jerry","1991-09-16",0,4,2,7,3,10,14,4,1,9),(118,118,"1244445098510","Lewis","Garza","et.nunc.Quisque@euerat.com","Ap #785-6966 Donec Ave","Sheila","1987-03-02",1,87,3,9,4,10,44,3,0,6),(119,119,"0832622519343","Herrod","Whitehead","nec.euismod@luctus.ca","P.O. Box 374, 6714 Nunc St.","Medge","1990-12-02",2,94,5,6,1,13,4,1,0,10),(120,120,"0751763062327","Fleur","Oliver","arcu@euligulaAenean.net","5703 Lorem St.","Keefe","1992-02-02",2,48,2,8,2,11,41,3,1,7);
INSERT INTO `student_fact` (`id`,`student_user_id`,`jmbg`,`first_name`,`last_name`,`email`,`address`,`username`,`birthdate`,`gender`,`lab_group_dim_id`,`enrollment_date_dim_id`,`dissrollment_date_dim_id`,`department_dim_id`,`graduation_date_dim_id`,`current_semester_dim_id`,`study_year`,`budget`,`average_grade`) VALUES (121,121,"8573790342980","Ronan","Paul","consequat.purus@sedtortorInteger.com","Ap #302-8429 Sed Road","Kiara","1993-06-18",2,45,4,10,1,10,25,5,1,8),(122,122,"1444004699123","Sasha","Holmes","luctus@ametconsectetueradipiscing.edu","9077 Praesent Ave","Kane","1986-03-28",2,100,5,8,4,11,24,3,1,7),(123,123,"1807676508833","Alisa","Webster","pharetra@iaculisneceleifend.edu","6584 Sed, Avenue","Xandra","1985-10-26",2,51,2,7,2,11,42,1,0,8),(124,124,"3620862182360","Inez","Mccall","neque.non.quam@sem.net","P.O. Box 778, 2261 Vivamus Avenue","Avye","1989-10-03",2,70,1,9,2,12,49,2,0,6),(125,125,"5643370947262","Margaret","Duffy","ut@Aliquamvulputateullamcorper.net","P.O. Box 935, 7321 Dui. St.","Stella","1990-04-01",2,100,5,9,2,13,24,1,0,10),(126,126,"4506400107534","Quon","Morrison","semper.et.lacinia@Proinnislsem.co.uk","2623 Enim. Av.","Jelani","1985-12-10",1,12,5,10,2,12,36,4,0,6),(127,127,"8607691689023","Mallory","Rosales","dui.nec.tempus@fermentum.net","P.O. Box 189, 813 Lacus. Av.","Peter","1988-11-05",0,66,4,8,1,13,14,4,0,8),(128,128,"7257672021274","Judah","Waters","nisi.Aenean@eu.ca","560 Magnis Avenue","Baker","1989-06-11",2,34,2,6,2,12,11,1,1,9),(129,129,"9789945528427","Curran","Barnes","ac@Suspendissealiquetsem.com","245-3482 Ridiculus Rd.","Rae","1991-06-07",2,24,3,8,3,11,44,4,0,9),(130,130,"1535917776018","Xavier","Sullivan","adipiscing.Mauris.molestie@lorem.org","511-2359 Est Ave","Tate","1989-07-31",1,90,4,10,1,10,1,4,1,8);
INSERT INTO `student_fact` (`id`,`student_user_id`,`jmbg`,`first_name`,`last_name`,`email`,`address`,`username`,`birthdate`,`gender`,`lab_group_dim_id`,`enrollment_date_dim_id`,`dissrollment_date_dim_id`,`department_dim_id`,`graduation_date_dim_id`,`current_semester_dim_id`,`study_year`,`budget`,`average_grade`) VALUES (131,131,"3139126836053","Isabella","Bradley","cursus.Nunc@vulputate.net","P.O. Box 653, 7694 Aliquam Av.","Vaughan","1989-04-05",1,14,2,7,3,12,42,5,0,10),(132,132,"6724686729955","Grant","Snyder","ante.Nunc.mauris@euismodet.net","P.O. Box 868, 2101 Tempor Avenue","Adria","1989-10-09",0,35,4,6,4,11,9,5,1,7),(133,133,"8677048222845","Pandora","Nguyen","nisi.Aenean.eget@variusNam.org","5165 Libero Rd.","Halee","1990-10-30",1,26,4,9,3,13,35,4,1,10),(134,134,"7851039844424","Cynthia","Singleton","Phasellus.elit@Mauriseu.com","5272 Nibh Street","Carly","1986-05-02",0,7,2,9,3,12,5,3,1,9),(135,135,"3270680844113","Wayne","Maldonado","aliquet@ornare.org","P.O. Box 975, 1219 Aptent Road","Gail","1988-10-05",0,86,1,10,1,10,20,1,0,10),(136,136,"7702547724908","Tobias","Cooley","pellentesque@magnaLorem.ca","P.O. Box 882, 5491 Tortor Rd.","Ciara","1994-02-22",2,8,5,7,4,10,10,1,0,9),(137,137,"2860219982618","Kiona","Faulkner","dictum.Phasellus.in@Morbi.ca","641-4216 Sit Avenue","Doris","1986-07-30",1,24,1,6,2,10,11,2,0,10),(138,138,"0406255941806","Jakeem","Dyer","nibh.Phasellus@duinec.org","518-5497 Semper Road","Damian","1992-02-02",2,52,4,7,1,13,17,3,1,6),(139,139,"3366148879037","Dillon","Padilla","lacus.Mauris.non@vitaeeratVivamus.org","9545 Feugiat Street","Thor","1987-06-02",2,63,3,8,2,12,19,2,0,9),(140,140,"1577891573256","Minerva","Castaneda","ullamcorper.magna@afacilisis.com","8018 Aliquet Avenue","Keegan","1997-08-14",2,4,4,8,2,11,35,4,1,6);
INSERT INTO `student_fact` (`id`,`student_user_id`,`jmbg`,`first_name`,`last_name`,`email`,`address`,`username`,`birthdate`,`gender`,`lab_group_dim_id`,`enrollment_date_dim_id`,`dissrollment_date_dim_id`,`department_dim_id`,`graduation_date_dim_id`,`current_semester_dim_id`,`study_year`,`budget`,`average_grade`) VALUES (141,141,"2143879234548","Maite","Phillips","egestas.lacinia.Sed@Nunc.co.uk","Ap #554-4570 At, Av.","Jenna","1991-12-12",0,98,1,8,3,12,49,3,0,9),(142,142,"1258721061739","Dahlia","Crosby","Phasellus.ornare@tinciduntaliquamarcu.co.uk","P.O. Box 360, 3094 Massa. Ave","Lyle","1985-04-22",0,95,5,9,1,12,28,4,0,6),(143,143,"4005479794538","Quyn","Phelps","dictum.eleifend@Maurisvestibulum.com","460-7646 Nec Street","Mechelle","1986-11-17",2,82,2,6,2,13,17,3,1,7),(144,144,"4232163373965","Clinton","Stanley","non@etrisus.org","890-175 Magnis Av.","Edan","1990-12-21",0,76,1,9,3,10,14,4,0,9),(145,145,"3457695854720","Kadeem","Warren","pede@rhoncus.net","Ap #716-7540 Scelerisque St.","Scarlett","1996-01-16",2,89,1,9,1,10,15,4,1,9),(146,146,"9467969788624","Noelle","Bond","dolor.Fusce.mi@fringillaest.ca","Ap #464-8157 Vitae Street","Caldwell","1990-10-28",0,18,2,10,1,11,24,1,0,8),(147,147,"6553349419609","Richard","Stevens","rhoncus.id.mollis@non.com","P.O. Box 368, 6706 Velit Road","Lucian","1990-04-09",2,70,4,8,3,10,43,1,0,10),(148,148,"7478684902007","Sade","Joyce","Morbi.neque@aodio.net","9630 Nibh Rd.","Hilel","1986-04-26",2,100,5,10,2,11,17,1,1,6),(149,149,"1704436466868","Slade","Roach","massa.Quisque.porttitor@eueuismod.co.uk","928-3573 Massa. Ave","Mercedes","1991-06-25",0,4,1,8,3,12,11,4,0,9),(150,150,"8062949802630","Hyatt","Vance","interdum.feugiat.Sed@sollicitudin.ca","P.O. Box 320, 1356 Commodo St.","Lillith","1994-07-30",2,5,1,9,1,13,36,3,1,8);
INSERT INTO `student_fact` VALUES (151,151,"6186729957847","Bradley","Witt","mauris.a@porttitorinterdumSed.net","885-505 Lectus Street","Evelyn","1995-10-13",1,25,4,8,3,12,28,1,1,8),(152,152,"7237847568170","Paloma","Gonzalez","Cum@felis.edu","Ap #309-8162 Velit Road","Paki","1995-05-25",1,2,5,9,4,13,41,2,1,10),(153,153,"2413171957166","Yvette","Eaton","velit.in.aliquet@temporarcuVestibulum.net","Ap #338-883 Ut St.","Hadassah","1984-11-18",0,99,3,8,1,12,31,3,0,7),(154,154,"7914724638139","Malik","Rodriquez","diam@Duiscursus.ca","P.O. Box 874, 8818 Cursus Street","Oleg","1984-12-25",0,17,2,8,4,11,39,3,1,10),(155,155,"1219834020068","Carson","Blankenship","et.libero@cubiliaCurae.edu","2007 Pede. Rd.","Amethyst","1990-05-25",0,18,3,10,1,12,5,1,0,10),(156,156,"3736107056760","Jael","Wright","facilisis@lectusjustoeu.net","4604 Fusce Rd.","Derek","1995-03-17",0,39,2,10,2,10,43,1,0,9),(157,157,"1524797021852","Davis","Vazquez","euismod.ac@risusMorbi.ca","902 Ipsum. Ave","Felix","1997-05-01",1,35,4,6,1,13,31,2,1,6),(158,158,"0189466914348","Garrison","Beach","sit.amet@ante.net","Ap #997-1844 Nam Rd.","Jordan","1993-12-17",1,77,4,9,1,10,37,4,1,10),(159,159,"1843900894577","Rebekah","Ratliff","in@lacus.ca","P.O. Box 350, 1298 Donec Street","Kirk","1990-10-28",1,96,3,9,4,10,14,2,0,10),(160,160,"7906839929594","Ethan","Conley","feugiat@ultriciesdignissimlacus.co.uk","429-6743 Gravida St.","Cecilia","1990-01-17",2,3,4,9,2,12,45,3,0,6);
INSERT INTO `student_fact` VALUES (161,161,"6355825044286","Carter","Peterson","luctus@vitaealiquetnec.com","Ap #853-6621 Enim Rd.","Ora","1997-10-11",2,37,1,7,3,10,20,4,1,6),(162,162,"1541234714048","Lane","Duran","dictum.ultricies.ligula@sempereratin.net","682-4002 Quam. Rd.","Cailin","1989-11-04",0,32,3,8,1,12,31,3,0,7),(163,163,"0365062545746","Oren","Watts","non.lorem@euultrices.ca","P.O. Box 877, 1685 Turpis Rd.","Diana","1996-10-01",2,86,3,6,1,11,24,1,1,8),(164,164,"0758761080556","Lee","Gutierrez","In.condimentum.Donec@lobortisClassaptent.net","5878 Sem Ave","Ifeoma","1995-12-26",0,62,1,7,4,12,40,2,1,7),(165,165,"4977511820211","Hashim","Orr","amet@elit.com","Ap #487-4074 Magnis Av.","Tatum","1991-07-05",0,46,5,7,2,13,32,4,0,8),(166,166,"8519286283665","Ralph","Benson","vel.est.tempor@auctorveliteget.ca","4845 Nisl. Rd.","Amber","1985-12-01",1,48,2,8,4,11,4,3,1,10),(167,167,"0277559154856","Luke","Mcclure","eleifend.Cras@Vivamus.ca","Ap #330-4793 Tincidunt Street","Noelle","1988-07-31",0,23,5,6,4,11,30,2,0,6),(168,168,"7681011175669","Arden","Holt","felis.Nulla.tempor@Morbi.com","888-1419 Mus. Rd.","Stacy","1987-07-22",1,31,2,7,4,12,28,3,0,7),(169,169,"6295133260251","Orlando","Stout","mauris@sociis.co.uk","9528 Vel, Rd.","Mark","1987-11-11",1,70,4,7,4,12,48,3,1,9),(170,170,"6886614696607","Cassady","Johnston","dictum.eu@molestie.com","2994 Enim Ave","Blair","1995-02-01",0,12,1,9,1,11,24,1,1,7);
INSERT INTO `student_fact` VALUES (171,171,"6261978192312","Hannah","Vaughn","neque@ametnullaDonec.org","199-6270 Turpis St.","Jana","1990-09-21",0,63,4,9,2,10,17,4,1,10),(172,172,"9466693309369","Evan","Barton","lorem.ipsum@risusDuisa.ca","289-8012 Elit Ave","Addison","1995-03-11",1,75,5,10,2,13,45,2,0,7),(173,173,"7547824983564","Ashely","Mcpherson","Nullam@feugiatplacerat.ca","9641 Litora Rd.","Chester","1992-11-02",2,28,4,8,2,10,6,5,1,7),(174,174,"8378068458354","Clinton","Simpson","facilisis.lorem@tempor.net","Ap #665-6723 Blandit Rd.","Mason","1990-04-18",0,98,5,9,4,11,47,3,1,6),(175,175,"7082087378192","Audrey","French","nulla.Donec@velitPellentesqueultricies.co.uk","P.O. Box 970, 3514 Nascetur St.","Zachery","1987-08-14",0,23,5,9,2,11,37,3,0,10),(176,176,"7564459819058","Nola","Whitley","vestibulum@tellus.ca","6749 Mi Avenue","Leigh","1989-05-01",1,35,3,6,2,12,15,2,0,9),(177,177,"6097378446502","Phillip","Morrison","metus.vitae@euismod.org","Ap #148-4983 Quis, Av.","Dorian","1986-10-17",1,100,4,6,4,13,49,5,0,8),(178,178,"6536431804048","Kenneth","Branch","Curabitur.egestas@infaucibus.co.uk","P.O. Box 630, 7493 Ultrices. Street","Zoe","1991-11-22",2,39,3,6,2,11,20,4,1,6),(179,179,"3594143482939","Judith","Ferguson","Sed@senectuset.edu","Ap #406-6537 Vulputate St.","Beck","1997-06-28",1,36,3,7,2,10,40,3,0,8),(180,180,"0380568676678","Claire","Chen","imperdiet.dictum.magna@nunc.net","860-8726 Donec Road","Shelly","1993-05-25",0,76,1,8,2,13,37,3,0,7);
INSERT INTO `student_fact` VALUES (181,181,"3111687929940","Chadwick","Macdonald","turpis@ProinultricesDuis.ca","9495 Mollis Street","Evelyn","1996-04-08",2,4,3,6,3,12,15,5,1,10),(182,182,"1093549977490","Kibo","Malone","ligula.elit.pretium@montes.org","P.O. Box 409, 1699 Massa. Rd.","Maite","1993-08-29",0,8,4,10,3,11,16,4,0,7),(183,183,"7974210955553","Destiny","Calhoun","vel@orci.org","245-898 Adipiscing Rd.","Harrison","1995-03-01",0,45,4,10,3,10,3,2,1,9),(184,184,"6906960028337","Rosalyn","Mckenzie","est.ac.mattis@molestie.com","927-7734 Cursus St.","Jada","1991-12-16",2,42,3,6,2,11,30,1,0,7),(185,185,"2539288412930","Keefe","Davenport","consectetuer.adipiscing@senectus.net","173-3712 Vulputate, Road","Shoshana","1992-11-05",2,60,2,9,1,12,45,1,0,9),(186,186,"5264861768826","Clare","Manning","risus.Quisque.libero@natoquepenatibus.com","Ap #633-7229 Metus Av.","Julie","1993-02-03",2,24,3,7,4,11,15,3,0,10),(187,187,"1547707217840","Cleo","Sexton","elementum.purus@facilisismagna.net","943-3730 Eget Street","Mara","1995-07-15",1,68,3,9,1,12,32,5,1,7),(188,188,"7877590890325","Clark","Snider","sed.leo.Cras@Suspendisse.edu","965-736 Tristique Street","Dorian","1996-01-20",2,85,4,10,4,13,7,2,0,10),(189,189,"5012750176927","Chaim","Nelson","Nulla@ultriciessemmagna.ca","Ap #504-9562 Donec Street","Gray","1989-02-17",1,100,4,6,3,12,10,3,1,6),(190,190,"3557527498774","Quintessa","Wilkins","Aenean.massa@primisin.com","612-4846 Purus, Avenue","Nash","1993-07-14",0,46,1,7,3,11,31,2,1,7);
INSERT INTO `student_fact` VALUES (191,191,"3002355854056","Leila","Rowland","ipsum.ac.mi@enimCurabitur.edu","P.O. Box 561, 2030 Ligula Rd.","Berk","1988-03-01",0,77,1,7,2,11,34,3,0,10),(192,192,"2883721322183","Myles","Salazar","Nunc.quis@vitaeerat.edu","P.O. Box 350, 5253 Lectus. St.","Adam","1988-12-12",2,42,4,7,2,11,24,3,1,8),(193,193,"3695506854191","Haviva","Barrera","viverra.Donec@rhoncusid.ca","Ap #635-2846 Semper Ave","Acton","1990-06-13",0,94,5,10,4,12,45,2,1,7),(194,194,"5971726755743","Gil","Mills","Ut.tincidunt.orci@ametloremsemper.edu","2551 Est Ave","Keane","1986-07-06",1,66,2,9,3,10,44,5,0,7),(195,195,"7185822406110","Kylan","Crane","ipsum@Suspendissealiquetsem.org","P.O. Box 582, 9668 Eros. St.","Daniel","1988-11-13",2,1,1,9,1,11,21,1,1,6),(196,196,"9343003921782","Tamekah","Horn","eget.metus.In@ridiculusmusAenean.org","568-1842 Euismod Ave","Sierra","1985-07-04",1,11,2,6,4,12,44,2,0,6),(197,197,"6813825141503","Meredith","Simon","venenatis.a@quismassa.net","9032 Nam Avenue","Keegan","1996-06-20",1,57,5,10,2,12,8,3,0,10),(198,198,"8978843058241","Aaron","Gonzales","sed.dui@sitametornare.co.uk","Ap #658-5917 Vitae Road","Kasimir","1995-01-17",2,60,1,8,2,13,39,1,1,6),(199,199,"5943966903959","Venus","Guthrie","tincidunt@Proinsed.com","896 In, Rd.","Nicole","1984-12-13",1,2,5,10,4,12,5,5,0,8),(200,200,"0800802949095","Jemima","Deleon","Proin.eget.odio@amet.edu","9807 Sollicitudin Avenue","Boris","1992-01-20",1,70,1,9,2,13,26,4,1,8);
INSERT INTO `student_fact` (`id`,`student_user_id`,`jmbg`,`first_name`,`last_name`,`email`,`address`,`username`,`birthdate`,`gender`,`lab_group_dim_id`,`enrollment_date_dim_id`,`dissrollment_date_dim_id`,`department_dim_id`,`graduation_date_dim_id`,`current_semester_dim_id`,`study_year`,`budget`,`average_grade`) VALUES (201,201,"5691016287258","Zelda","Mckee","lorem@lobortisquis.edu","2919 Risus. Rd.","Kevyn","1984-11-24",1,21,3,8,3,10,4,3,1,7),(202,202,"4489913554673","Christian","Newton","mi.Duis.risus@atlibero.ca","P.O. Box 202, 649 Risus St.","Graiden","1993-02-25",0,65,4,8,2,11,3,2,0,6),(203,203,"3764078224683","Roary","Kirkland","eget@facilisislorem.com","P.O. Box 268, 8296 Quisque Road","Ursula","1989-10-23",1,95,5,10,1,11,28,1,1,9),(204,204,"1370784020937","Jason","Solomon","purus.mauris@ettristique.edu","Ap #567-5124 Et Ave","Zephania","1988-03-22",0,31,5,8,3,11,1,4,1,9),(205,205,"2700200548559","Melvin","Branch","felis@lectus.edu","5390 Parturient Avenue","Hunter","1991-01-21",1,13,4,8,4,13,33,4,0,9),(206,206,"7544730194565","Camden","Hall","arcu.ac.orci@Nullamscelerisque.com","Ap #702-380 Nullam Rd.","Acton","1990-05-20",2,36,4,9,4,11,50,4,1,10),(207,207,"3790742775712","Walker","Wynn","sollicitudin.a@rutrumnon.com","P.O. Box 968, 1979 Iaculis Ave","Ifeoma","1992-06-24",0,28,2,8,2,11,44,4,0,7),(208,208,"5540964478417","Wade","Barber","eu.arcu@dictum.co.uk","855-1930 Sit Av.","Kermit","1985-10-04",1,77,2,9,4,13,3,2,0,8),(209,209,"0788762739823","Howard","Schmidt","sollicitudin.commodo@turpisegestasAliquam.com","Ap #327-2483 Diam St.","Illiana","1997-05-16",1,10,1,6,1,10,14,1,0,9),(210,210,"8902369225890","Sierra","Fernandez","velit.in@purus.ca","P.O. Box 363, 3731 Eleifend. Rd.","Damian","1989-05-31",1,20,2,9,1,13,19,3,1,6);
INSERT INTO `student_fact` (`id`,`student_user_id`,`jmbg`,`first_name`,`last_name`,`email`,`address`,`username`,`birthdate`,`gender`,`lab_group_dim_id`,`enrollment_date_dim_id`,`dissrollment_date_dim_id`,`department_dim_id`,`graduation_date_dim_id`,`current_semester_dim_id`,`study_year`,`budget`,`average_grade`) VALUES (211,211,"8547036897307","Kamal","Hester","Mauris@acmattis.com","9791 Laoreet, St.","Ethan","1986-06-20",1,1,5,10,3,12,47,1,0,6),(212,212,"2020528594039","Rowan","Stanton","mauris.ut.mi@sem.ca","P.O. Box 825, 5480 Neque. Avenue","Celeste","1994-03-18",0,22,4,9,3,13,40,5,0,9),(213,213,"2533356843651","Hannah","Buckley","lacus.varius.et@lobortisquispede.ca","P.O. Box 916, 2700 Luctus, St.","Martha","1985-11-02",1,24,4,10,4,13,48,5,0,7),(214,214,"1538369252044","Keiko","Meadows","est@sodales.co.uk","955-3743 Ut St.","Geoffrey","1988-07-05",0,25,1,10,1,10,19,1,1,6),(215,215,"5043983984810","Ryan","Gay","ullamcorper@eratinconsectetuer.com","496 Ridiculus St.","Francesca","1996-11-16",2,97,4,6,2,10,37,2,0,6),(216,216,"6637673960360","Haley","Noble","imperdiet@consectetuer.co.uk","4308 In Rd.","Odette","1988-01-14",2,27,4,8,2,10,24,4,0,8),(217,217,"6366293545094","Philip","Cox","condimentum.eget.volutpat@necmauris.co.uk","P.O. Box 451, 1336 Arcu. St.","Sigourney","1988-08-27",2,81,3,10,4,11,5,5,1,9),(218,218,"0285773072056","Hyatt","Valenzuela","vitae@egestasblandit.org","831-1594 Porttitor St.","Kieran","1986-11-28",2,58,4,7,3,12,28,1,1,7),(219,219,"8842202182625","Tiger","Mcmahon","Nunc.ullamcorper.velit@Fuscemi.org","P.O. Box 270, 6553 Eu, Rd.","Amelia","1993-12-03",0,61,3,7,1,10,3,5,1,8),(220,220,"0498499885874","Alexander","Castaneda","ut.lacus.Nulla@fringilla.edu","P.O. Box 898, 4959 Tempus Ave","Claudia","1994-06-30",0,71,5,9,4,12,45,3,1,10);
INSERT INTO `student_fact` (`id`,`student_user_id`,`jmbg`,`first_name`,`last_name`,`email`,`address`,`username`,`birthdate`,`gender`,`lab_group_dim_id`,`enrollment_date_dim_id`,`dissrollment_date_dim_id`,`department_dim_id`,`graduation_date_dim_id`,`current_semester_dim_id`,`study_year`,`budget`,`average_grade`) VALUES (221,221,"3315668576122","McKenzie","Boyle","pede@accumsannequeet.net","Ap #729-9697 Dui. St.","Illiana","1994-05-03",0,100,4,6,1,11,28,4,1,6),(222,222,"9042798933747","Dalton","Barnett","quam.vel@pellentesqueegetdictum.com","Ap #816-8548 Porttitor Road","Caldwell","1985-01-16",0,48,2,8,3,12,1,3,1,9),(223,223,"0969830122226","Sophia","Horne","turpis.egestas@taciti.net","9749 Nunc Rd.","Patrick","1985-03-01",2,2,5,10,3,11,15,1,0,6),(224,224,"9981313979464","Laith","Carson","nec@libero.net","345-2425 Eu St.","Ramona","1985-03-23",2,9,1,6,2,13,44,2,0,7),(225,225,"7104818459211","Lucius","Cline","nisi.Mauris@quisarcu.com","P.O. Box 457, 7010 Erat Road","Barbara","1988-02-10",2,13,4,8,4,13,44,1,1,9),(226,226,"1093592722841","Ann","Stevenson","facilisis.Suspendisse.commodo@magna.net","P.O. Box 125, 6298 Lorem Street","Germaine","1987-11-17",0,45,3,6,4,10,28,3,1,9),(227,227,"0451641931425","Elmo","Oliver","et.arcu@egetmetusIn.org","452-5367 Molestie Avenue","Ashely","1989-05-31",2,20,5,7,4,13,20,3,0,6),(228,228,"4564520603952","Jacob","David","nisi.Aenean@et.ca","5836 Dictum Rd.","Galvin","1989-01-30",2,25,3,10,4,12,35,2,1,8),(229,229,"7477782571728","Rahim","Barrett","lacinia@Etiambibendumfermentum.org","6696 Malesuada Road","Tatiana","1993-06-04",0,38,2,6,4,12,41,3,0,8),(230,230,"4103692679277","Steel","Perez","natoque.penatibus@maurisInteger.com","451-9190 Magna Road","Adara","1993-04-25",2,37,1,7,2,13,50,1,1,8);
INSERT INTO `student_fact` (`id`,`student_user_id`,`jmbg`,`first_name`,`last_name`,`email`,`address`,`username`,`birthdate`,`gender`,`lab_group_dim_id`,`enrollment_date_dim_id`,`dissrollment_date_dim_id`,`department_dim_id`,`graduation_date_dim_id`,`current_semester_dim_id`,`study_year`,`budget`,`average_grade`) VALUES (231,231,"9980783536836","Aimee","Reynolds","lectus@mauriselit.net","867-6510 Pharetra. St.","Nina","1991-05-11",0,2,2,6,4,11,50,3,0,10),(232,232,"0324278315713","Amos","Salas","arcu@anteipsum.com","P.O. Box 307, 2012 Duis St.","Conan","1996-12-25",1,51,2,7,4,13,2,5,1,9),(233,233,"4704328314071","Hammett","Spears","tempus.eu@vitaeorci.edu","P.O. Box 580, 3189 Cras Rd.","Aphrodite","1997-10-22",0,59,3,8,2,12,28,4,1,8),(234,234,"5977919804223","Eleanor","Ortega","dui.quis.accumsan@aultriciesadipiscing.com","388-3080 Pellentesque Road","Blair","1989-11-09",0,92,4,6,2,10,31,2,1,9),(235,235,"2632704118257","Britanni","Benton","auctor@erosnec.edu","Ap #863-7776 Eget Street","Dorian","1986-07-26",1,80,4,9,1,11,27,2,1,6),(236,236,"2769271291490","Otto","Rowland","scelerisque@ipsumacmi.edu","Ap #986-6938 Ullamcorper, Av.","Cadman","1986-08-17",2,17,2,10,2,11,41,4,0,8),(237,237,"2125717306947","Willow","Vega","mus.Aenean.eget@quamquis.org","Ap #581-9204 Risus Rd.","Scott","1986-03-25",1,11,2,6,3,11,33,4,1,7),(238,238,"0663243825647","Tanek","Christian","adipiscing.elit@etarcuimperdiet.org","P.O. Box 601, 9701 Accumsan Ave","Quynn","1996-11-16",2,20,2,9,2,12,39,1,0,7),(239,239,"8881162150527","Harlan","Fulton","mattis.Integer.eu@bibendumullamcorperDuis.edu","Ap #407-8599 Netus Avenue","Vincent","1997-10-13",0,82,3,9,2,10,44,1,1,6),(240,240,"2170842619066","Camille","Turner","convallis.in@sit.co.uk","P.O. Box 696, 3379 Integer Av.","Tamara","1985-08-27",0,85,4,6,4,10,7,4,1,6);
INSERT INTO `student_fact` (`id`,`student_user_id`,`jmbg`,`first_name`,`last_name`,`email`,`address`,`username`,`birthdate`,`gender`,`lab_group_dim_id`,`enrollment_date_dim_id`,`dissrollment_date_dim_id`,`department_dim_id`,`graduation_date_dim_id`,`current_semester_dim_id`,`study_year`,`budget`,`average_grade`) VALUES (241,241,"5611287203085","Clio","Mosley","consectetuer.adipiscing@Morbi.net","6040 Vel, Rd.","Victoria","1991-10-24",1,1,3,6,2,12,6,5,1,7),(242,242,"2970620421560","Paul","Keith","sed.dictum@velvulputateeu.ca","P.O. Box 756, 6158 Quis Rd.","Aiko","1989-10-23",2,46,3,9,2,13,40,1,0,8),(243,243,"1666437293174","Xena","Mayo","Donec@turpisnec.org","P.O. Box 121, 3970 Pulvinar Road","Amelia","1996-11-06",0,35,1,10,2,11,41,5,1,10),(244,244,"3622596639350","Edward","Knox","luctus.ipsum.leo@euismod.org","P.O. Box 958, 4934 Iaculis Rd.","Moses","1986-05-30",2,11,5,10,2,10,22,4,1,9),(245,245,"9634940024653","Kessie","Brock","magna@Praesent.co.uk","7537 Dui. Rd.","Sandra","1989-11-01",1,6,3,6,4,12,13,4,0,6),(246,246,"4545608493623","Slade","Villarreal","Nunc.ut.erat@dolorFuscefeugiat.net","8987 Non, Avenue","Regina","1986-05-26",2,41,3,9,2,13,8,4,0,6),(247,247,"2998171996323","Jeanette","Trujillo","lorem.sit.amet@urna.net","Ap #115-1955 Velit. Rd.","Inez","1993-09-25",0,48,3,6,3,12,46,4,1,7),(248,248,"6834766872615","Keaton","Brady","tincidunt@sapienAeneanmassa.edu","P.O. Box 164, 7536 Elit, Rd.","Xantha","1988-04-18",1,97,4,8,3,13,45,3,1,9),(249,249,"1323119627960","Calvin","Swanson","non@PhasellusnullaInteger.net","2634 Rhoncus. Av.","Eugenia","1996-02-08",2,48,4,10,3,13,4,5,0,10),(250,250,"1909589414687","Jillian","Pollard","cursus.a.enim@dictum.co.uk","Ap #892-8583 Aliquam Ave","Carla","1993-06-23",2,9,2,9,3,11,14,3,1,9);
INSERT INTO `student_fact` (`id`,`student_user_id`,`jmbg`,`first_name`,`last_name`,`email`,`address`,`username`,`birthdate`,`gender`,`lab_group_dim_id`,`enrollment_date_dim_id`,`dissrollment_date_dim_id`,`department_dim_id`,`graduation_date_dim_id`,`current_semester_dim_id`,`study_year`,`budget`,`average_grade`) VALUES (251,251,"8894445950136","Elvis","Mcgowan","velit.Quisque.varius@tempus.edu","Ap #728-8411 Nascetur St.","Russell","1993-08-28",0,87,2,8,2,12,13,4,0,9),(252,252,"5552540306166","Alfreda","Porter","non.hendrerit.id@porttitorvulputateposuere.co.uk","Ap #782-4882 Facilisis Av.","Ruby","1987-01-10",0,2,1,10,3,10,30,2,1,10),(253,253,"3550215017797","Sloane","Elliott","ligula@arcu.org","297-1454 Magna. Avenue","Isadora","1997-05-26",0,76,3,10,1,12,9,2,0,7),(254,254,"5958385827946","Rafael","Fields","lorem.lorem@Duiselementumdui.com","2230 Mauris St.","Yeo","1996-11-20",2,11,5,6,1,13,9,4,0,6),(255,255,"0666759241392","Kerry","Nicholson","Morbi.neque.tellus@Phasellusdolor.ca","1904 Mauris, St.","Shellie","1988-05-10",2,8,5,8,4,13,3,2,0,8),(256,256,"8490870889590","Odette","Bentley","magnis@ligula.co.uk","122-7581 Amet, Rd.","Gavin","1985-07-20",2,39,2,10,1,12,25,2,1,9),(257,257,"1999310522399","Penelope","Holden","felis.ullamcorper@risusat.edu","1824 Urna Street","Yoshi","1997-05-07",2,8,2,7,4,10,38,5,1,7),(258,258,"5102968363764","Nicholas","Terry","nibh.dolor.nonummy@egestasligulaNullam.edu","P.O. Box 912, 8218 Vehicula Ave","Kiayada","1990-10-20",1,97,2,9,1,12,27,5,0,9),(259,259,"2417750531778","Sharon","Booth","tellus.non.magna@vitaeodiosagittis.net","1201 Dolor, Av.","Gannon","1988-03-21",2,80,3,10,1,12,35,2,0,7),(260,260,"3400472029349","Erich","Houston","suscipit.est@sempercursus.ca","609-4438 Phasellus Avenue","Stacey","1996-03-26",1,53,3,7,1,11,22,3,1,6);
INSERT INTO `student_fact` (`id`,`student_user_id`,`jmbg`,`first_name`,`last_name`,`email`,`address`,`username`,`birthdate`,`gender`,`lab_group_dim_id`,`enrollment_date_dim_id`,`dissrollment_date_dim_id`,`department_dim_id`,`graduation_date_dim_id`,`current_semester_dim_id`,`study_year`,`budget`,`average_grade`) VALUES (261,261,"6363543020829","Eleanor","Frank","et.euismod.et@vestibulumloremsit.ca","P.O. Box 186, 2119 Id, Av.","Jelani","1988-03-10",0,90,5,7,1,11,19,3,1,8),(262,262,"8192643382183","Libby","Willis","nec@nibh.ca","2962 Metus. St.","Jeremy","1988-07-02",0,78,1,9,4,10,46,3,0,8),(263,263,"0069515508326","Isabella","Jennings","eros.Proin@mifelisadipiscing.org","P.O. Box 551, 9418 Augue Road","Jonah","1994-04-17",0,11,5,8,3,10,10,2,0,7),(264,264,"4270732353971","Dieter","Howe","volutpat@massarutrummagna.ca","416-9515 Sed Av.","Jordan","1994-11-21",1,78,3,7,4,12,47,3,0,6),(265,265,"0108047804513","Darius","Reeves","quis.urna@Suspendissetristiqueneque.edu","774-2001 Neque Ave","Germaine","1993-10-16",0,24,2,8,2,10,45,2,1,6),(266,266,"3089706383849","Eve","Chase","Sed@egestasascelerisque.net","638-5455 Cras Rd.","Imelda","1989-10-06",2,13,4,6,1,13,31,4,1,10),(267,267,"9561046639606","Audra","Gillespie","Suspendisse.non.leo@justositamet.net","Ap #859-2769 Non, Road","Phoebe","1989-10-22",0,61,1,6,3,11,36,1,0,9),(268,268,"2901527678988","Nissim","Nixon","posuere.vulputate.lacus@Craspellentesque.org","Ap #351-3903 Sem St.","Charde","1988-03-03",1,16,2,9,4,10,40,2,0,7),(269,269,"0158022570749","Lyle","Payne","non.sollicitudin.a@Etiambibendumfermentum.ca","8196 Donec Road","Juliet","1993-01-17",1,98,3,8,3,12,17,2,0,6),(270,270,"7437133540462","Sandra","Estrada","Pellentesque.ultricies.dignissim@adipiscing.edu","Ap #861-1437 Arcu. Rd.","David","1988-10-19",1,29,2,10,3,11,19,1,0,8);
INSERT INTO `student_fact` (`id`,`student_user_id`,`jmbg`,`first_name`,`last_name`,`email`,`address`,`username`,`birthdate`,`gender`,`lab_group_dim_id`,`enrollment_date_dim_id`,`dissrollment_date_dim_id`,`department_dim_id`,`graduation_date_dim_id`,`current_semester_dim_id`,`study_year`,`budget`,`average_grade`) VALUES (271,271,"0256011826365","Colby","Frye","eget@Cras.net","P.O. Box 199, 465 Ac Rd.","Jenette","1991-07-24",2,58,4,9,4,13,20,5,0,6),(272,272,"5814860845246","Dante","Fitzgerald","rutrum.justo.Praesent@erosNam.edu","Ap #898-9608 Morbi Rd.","Julian","1988-10-21",2,5,4,7,2,11,29,3,0,8),(273,273,"6848503137143","Yoshi","Logan","Pellentesque.ultricies@ullamcorperDuis.com","774-479 Vitae, St.","Paloma","1987-09-28",1,40,3,10,2,13,48,5,1,7),(274,274,"3963657221151","Joy","Solis","Cras.lorem.lorem@sitamet.co.uk","P.O. Box 764, 3059 Turpis Ave","Brenden","1986-08-05",2,14,5,10,1,13,9,1,0,6),(275,275,"9774648827791","Ciara","Cortez","magna.Ut@arcu.co.uk","Ap #416-3540 Volutpat. St.","Valentine","1990-09-24",0,16,1,8,4,10,41,1,1,6),(276,276,"9246545813057","Hakeem","Dillard","ultrices.iaculis@nonante.co.uk","P.O. Box 791, 1583 Montes, Rd.","Germane","1986-09-28",1,93,4,10,2,11,17,1,1,8),(277,277,"9219017078151","Cathleen","Rivers","amet.dapibus@ornare.com","622-394 Arcu Rd.","Solomon","1996-06-05",0,49,1,10,1,10,9,2,1,6),(278,278,"4608690346211","Charlotte","Cleveland","lectus.justo@ante.org","8900 Neque Avenue","Colt","1989-05-30",0,4,4,6,1,11,24,5,1,7),(279,279,"2956074123019","Martena","Roy","ultrices.sit@velconvallisin.net","4569 Aliquam Road","Julian","1996-09-20",2,48,2,6,2,12,22,5,0,10),(280,280,"6498037554459","Rama","Dawson","arcu@amet.ca","P.O. Box 442, 2563 Et, Rd.","Farrah","1996-05-16",0,84,1,9,1,11,44,1,1,9);
INSERT INTO `student_fact` (`id`,`student_user_id`,`jmbg`,`first_name`,`last_name`,`email`,`address`,`username`,`birthdate`,`gender`,`lab_group_dim_id`,`enrollment_date_dim_id`,`dissrollment_date_dim_id`,`department_dim_id`,`graduation_date_dim_id`,`current_semester_dim_id`,`study_year`,`budget`,`average_grade`) VALUES (281,281,"5372629738887","Nora","Guy","Donec.sollicitudin@nequeNullamnisl.co.uk","7929 Odio. Rd.","Erin","1990-03-07",1,45,3,6,2,11,1,5,0,7),(282,282,"0332714557682","Maryam","Sanford","felis@interdumlibero.co.uk","P.O. Box 996, 9131 Torquent Avenue","Salvador","1991-05-02",1,84,2,7,1,13,6,1,1,10),(283,283,"1775977910167","Alec","Stanton","purus@Morbi.co.uk","Ap #481-8348 Pede. Street","Raja","1985-12-19",2,77,3,6,3,11,26,2,0,8),(284,284,"8206075343626","Connor","Kirkland","Ut@dis.org","834-2259 Ornare Av.","Caldwell","1987-03-14",0,100,3,6,3,11,30,5,1,7),(285,285,"4560176331257","Ezra","Flynn","at.augue.id@quislectusNullam.ca","Ap #372-1954 Tincidunt Rd.","Uriah","1989-08-22",2,39,3,6,4,13,3,2,1,6),(286,286,"8735069814545","Geoffrey","Herman","tincidunt@id.com","6573 Dictum Ave","Tamara","1989-10-20",2,13,2,7,1,10,30,2,1,6),(287,287,"4578581065960","William","Heath","montes.nascetur.ridiculus@commodotincidunt.edu","Ap #916-4730 Natoque St.","Ashton","1989-09-16",2,20,1,7,3,12,40,1,1,9),(288,288,"6604102019669","Dane","Glass","volutpat@odioNaminterdum.net","P.O. Box 991, 9688 Duis St.","Amy","1992-10-17",1,82,2,6,3,12,49,3,1,8),(289,289,"7625149683647","Claire","Figueroa","Nulla.eu@placerat.com","Ap #675-7100 Duis St.","Iliana","1996-09-01",2,44,3,7,2,10,33,4,0,6),(290,290,"5242675957777","Brenden","Taylor","a@rhoncusNullamvelit.com","Ap #635-4786 Proin Av.","Armando","1997-10-17",0,97,1,6,1,13,26,2,0,8);
INSERT INTO `student_fact` (`id`,`student_user_id`,`jmbg`,`first_name`,`last_name`,`email`,`address`,`username`,`birthdate`,`gender`,`lab_group_dim_id`,`enrollment_date_dim_id`,`dissrollment_date_dim_id`,`department_dim_id`,`graduation_date_dim_id`,`current_semester_dim_id`,`study_year`,`budget`,`average_grade`) VALUES (291,291,"5229884788182","Ella","Whitfield","feugiat.metus@lectuspedeultrices.edu","4069 Cubilia Road","Iliana","1985-03-20",2,10,4,7,3,10,28,4,1,9),(292,292,"7245893626123","Uriah","Mcdaniel","vestibulum.neque@fermentum.com","706-3481 Nisl. Road","Sade","1985-11-05",1,91,1,8,4,13,46,3,1,10),(293,293,"6826287998851","Forrest","Blanchard","Aliquam.erat.volutpat@consectetuer.ca","480-1348 In Av.","Lavinia","1992-12-29",1,86,3,7,1,10,12,4,0,8),(294,294,"8587838020926","Gage","Morin","aliquet.magna.a@pulvinararcu.edu","861-1851 Interdum. Street","Dylan","1989-07-18",1,50,4,8,3,11,2,3,1,10),(295,295,"3908482362090","Jarrod","Durham","mus@ultricesVivamus.net","6510 Vel, Road","Uma","1987-04-28",1,52,3,9,2,10,34,5,1,9),(296,296,"7872210652031","Cairo","Grant","metus.urna.convallis@elit.co.uk","5390 Sed Avenue","Marsden","1991-01-29",0,33,2,6,1,13,9,2,0,8),(297,297,"2084028734298","Clayton","Herring","vitae.sodales.at@aliquetProin.com","Ap #343-6582 Rutrum Ave","Teagan","1996-06-13",0,80,3,10,2,12,39,5,0,7),(298,298,"4907679383213","Coby","Houston","placerat@leoCrasvehicula.edu","P.O. Box 987, 738 Libero Road","Skyler","1987-05-25",1,97,2,7,4,13,30,1,1,8),(299,299,"9085224282281","Wang","Bailey","rutrum.non.hendrerit@risusvarius.edu","Ap #343-3021 Vel St.","Upton","1994-06-12",1,6,5,10,1,11,25,4,1,10),(300,300,"3316003631103","Ruby","Fletcher","gravida@sit.ca","P.O. Box 580, 5729 Inceptos Road","Phyllis","1986-12-19",2,23,5,8,1,13,22,3,0,8);
INSERT INTO `student_fact` (`id`,`student_user_id`,`jmbg`,`first_name`,`last_name`,`email`,`address`,`username`,`birthdate`,`gender`,`lab_group_dim_id`,`enrollment_date_dim_id`,`dissrollment_date_dim_id`,`department_dim_id`,`graduation_date_dim_id`,`current_semester_dim_id`,`study_year`,`budget`,`average_grade`) VALUES (301,301,"5053651204283","Ulric","Morgan","adipiscing@elitCurabitursed.co.uk","781-2453 A Road","Erica","1995-06-08",0,24,1,6,2,12,10,3,0,7),(302,302,"2142714735129","Kylee","Fowler","non.egestas@blanditenim.com","6035 Dolor. Road","Candace","1990-12-09",1,37,5,6,3,10,45,5,1,9),(303,303,"5699824414566","Orlando","Love","aliquam@ac.com","P.O. Box 911, 4659 Suspendisse Road","Odette","1992-10-21",0,57,5,10,4,10,31,4,1,10),(304,304,"3254083379327","Xaviera","Gallegos","nec.orci@ullamcorpernisl.edu","P.O. Box 861, 8558 Enim. Av.","Fleur","1993-01-10",1,19,4,9,3,12,47,2,1,6),(305,305,"9798165576802","Echo","Puckett","Donec@euismod.net","P.O. Box 629, 2927 Vitae St.","Samson","1987-05-06",0,3,4,8,4,11,31,1,1,9),(306,306,"5128158607911","Yoshi","Nielsen","Ut.tincidunt@elitsedconsequat.com","Ap #510-5413 Bibendum. St.","Rylee","1996-07-10",2,84,5,6,3,10,46,1,0,10),(307,307,"3967360488538","Noble","Livingston","ultrices.posuere.cubilia@mipede.org","6402 Sed Av.","Ciaran","1994-01-26",0,37,2,8,1,13,39,5,0,10),(308,308,"2883530030507","Merrill","Moses","semper@sedleo.net","P.O. Box 408, 9446 Fringilla Ave","Peter","1991-07-29",1,51,4,7,2,12,33,4,0,7),(309,309,"6680353927454","Alec","Vang","ante.lectus@penatibusetmagnis.org","P.O. Box 887, 2744 Nullam Rd.","Plato","1993-04-08",0,89,3,10,4,10,43,2,1,9),(310,310,"4305254192526","Alec","Hartman","ante@neceuismod.com","Ap #520-1436 Pede, Avenue","Zachary","1987-06-06",0,88,2,6,3,13,5,1,0,8);
INSERT INTO `student_fact` (`id`,`student_user_id`,`jmbg`,`first_name`,`last_name`,`email`,`address`,`username`,`birthdate`,`gender`,`lab_group_dim_id`,`enrollment_date_dim_id`,`dissrollment_date_dim_id`,`department_dim_id`,`graduation_date_dim_id`,`current_semester_dim_id`,`study_year`,`budget`,`average_grade`) VALUES (311,311,"5183904090218","Anjolie","Chen","adipiscing.enim.mi@egetmetus.edu","P.O. Box 317, 853 Nunc St.","Nerea","1985-03-23",1,99,1,9,3,11,43,1,0,8),(312,312,"7532320333365","Elliott","Steele","nulla.magna.malesuada@acfermentum.edu","133-9557 Quam, Street","Russell","1991-11-22",0,11,1,10,3,12,15,4,0,8),(313,313,"4119202836810","Justin","Jefferson","Fusce.aliquet.magna@aliquetmetusurna.edu","814-2445 Fringilla Av.","Erasmus","1993-05-09",0,86,5,9,1,13,37,3,0,6),(314,314,"9417038449200","Shannon","Rodriquez","amet.consectetuer@Suspendissetristique.org","P.O. Box 535, 5994 Vitae Avenue","Phoebe","1989-11-19",1,7,4,7,4,12,46,3,0,10),(315,315,"7531482035619","Carissa","Carroll","nascetur@lacusvestibulumlorem.com","Ap #671-8394 Metus. Rd.","Barrett","1993-08-11",0,42,1,7,4,12,40,3,0,10),(316,316,"3967892263421","Beatrice","Humphrey","neque@enimEtiam.net","326-8688 Nisi. Ave","Ciaran","1986-08-14",0,80,2,10,3,12,6,1,0,9),(317,317,"0670926548933","Geraldine","Dean","non.ante.bibendum@sagittissemper.org","P.O. Box 177, 2674 Vulputate Ave","Eagan","1995-11-18",2,31,5,9,2,11,5,5,0,7),(318,318,"7963162893711","Reese","Watts","tempor@euodioPhasellus.edu","6799 In Road","Aurora","1985-09-14",2,51,2,7,1,10,30,4,1,9),(319,319,"5774575227980","Kylan","Pope","eget@magnatellus.edu","9155 Arcu Rd.","Sylvester","1985-10-25",0,66,5,8,2,13,46,5,0,9),(320,320,"4275794782124","Xena","Nixon","placerat@mollisvitaeposuere.org","1400 Lectus. Rd.","Michelle","1987-04-14",1,36,5,7,1,12,8,5,0,10);
INSERT INTO `student_fact` (`id`,`student_user_id`,`jmbg`,`first_name`,`last_name`,`email`,`address`,`username`,`birthdate`,`gender`,`lab_group_dim_id`,`enrollment_date_dim_id`,`dissrollment_date_dim_id`,`department_dim_id`,`graduation_date_dim_id`,`current_semester_dim_id`,`study_year`,`budget`,`average_grade`) VALUES (321,321,"8922603417907","Dana","Moody","sapien.gravida.non@egestas.org","819-2911 Erat, St.","Jaden","1988-09-09",1,13,2,9,4,11,17,2,1,8),(322,322,"4873144383619","Louis","Chen","tincidunt.pede.ac@congueturpis.co.uk","Ap #304-4843 Quis Avenue","Brian","1989-03-13",1,90,3,6,4,13,19,3,1,10),(323,323,"7678228182996","Jack","Caldwell","ultricies@vulputate.org","P.O. Box 663, 7884 Sed St.","Eden","1991-01-01",0,25,2,10,2,10,28,4,1,8),(324,324,"1299979648988","Maya","Harrison","aliquam@erat.edu","7162 Nibh Avenue","Nathan","1993-11-13",2,90,5,9,3,11,34,1,0,9),(325,325,"1358541560876","Stacy","Frederick","pede.blandit@telluseuaugue.edu","P.O. Box 890, 4554 Sed Ave","Tyler","1991-06-03",1,74,1,6,3,11,46,5,0,9),(326,326,"2565102925347","Isaiah","Church","ridiculus@dignissimlacus.net","744-8807 Proin Av.","Rhona","1988-04-14",1,24,5,9,4,13,49,4,0,7),(327,327,"4878418428020","Lucian","Lane","ligula.Aenean.gravida@nullavulputatedui.edu","5141 Turpis. Rd.","Georgia","1989-04-11",1,34,2,8,1,13,16,2,0,10),(328,328,"1238019653994","Kibo","Powers","nec.ante@odioPhasellusat.edu","Ap #594-7355 Nascetur St.","Evan","1986-03-26",2,53,3,8,3,11,31,2,0,6),(329,329,"7929035498035","Dante","Porter","scelerisque.neque@porttitorvulputate.edu","9038 Mattis St.","Dakota","1995-05-25",2,89,1,6,4,13,37,2,1,7),(330,330,"2663445017127","Quin","Wade","pede.Praesent@eu.co.uk","291-4593 Quis St.","Ferdinand","1988-09-24",2,30,1,10,4,13,38,3,1,8);
INSERT INTO `student_fact` (`id`,`student_user_id`,`jmbg`,`first_name`,`last_name`,`email`,`address`,`username`,`birthdate`,`gender`,`lab_group_dim_id`,`enrollment_date_dim_id`,`dissrollment_date_dim_id`,`department_dim_id`,`graduation_date_dim_id`,`current_semester_dim_id`,`study_year`,`budget`,`average_grade`) VALUES (331,331,"0527425856164","Sharon","Ortiz","Curabitur.ut@lacusEtiambibendum.ca","Ap #206-8842 Eleifend Road","Callum","1996-12-24",0,56,3,7,1,11,29,2,0,6),(332,332,"9263379606731","Abel","Love","metus.sit@amet.edu","847-4708 Donec Street","Yvonne","1996-09-08",2,12,5,9,2,11,44,4,0,8),(333,333,"5401809842859","Thane","Slater","aliquam.iaculis@disparturient.ca","Ap #576-4530 Est Avenue","Fredericka","1992-04-23",0,1,3,8,1,11,29,1,0,9),(334,334,"4298537357531","Keiko","Mccarthy","Proin@necurna.edu","4518 Convallis Street","Risa","1995-12-19",2,30,2,10,4,12,7,4,0,8),(335,335,"3541292454401","Clayton","Hayden","sed.sem@Phasellusdapibus.com","1952 Ullamcorper Avenue","Shelley","1989-06-16",1,49,2,8,2,10,28,4,0,8),(336,336,"7056286110109","Maya","Castro","nunc@ametfaucibus.org","851-517 Tempor Rd.","Harlan","1986-01-23",2,62,5,7,2,12,48,2,0,8),(337,337,"7993461102770","Tana","Decker","augue@dictumplacerataugue.net","P.O. Box 213, 1256 Urna. Rd.","Ivor","1991-04-14",2,6,3,10,4,13,39,5,1,7),(338,338,"3357199608986","Lisandra","Ochoa","senectus.et.netus@diamSeddiam.edu","P.O. Box 635, 7452 Lacinia Road","Jenna","1997-03-26",2,58,4,9,4,13,40,3,0,10),(339,339,"3818431100751","Haley","Bean","nunc.risus@Maurismolestie.org","3712 Lectus Ave","John","1996-10-23",2,17,2,10,4,12,20,5,1,6),(340,340,"7803469753374","Vincent","Moody","dui@Donec.com","Ap #758-7079 Donec Av.","Sigourney","1989-10-26",2,65,4,8,4,11,3,5,1,6);
INSERT INTO `student_fact` (`id`,`student_user_id`,`jmbg`,`first_name`,`last_name`,`email`,`address`,`username`,`birthdate`,`gender`,`lab_group_dim_id`,`enrollment_date_dim_id`,`dissrollment_date_dim_id`,`department_dim_id`,`graduation_date_dim_id`,`current_semester_dim_id`,`study_year`,`budget`,`average_grade`) VALUES (341,341,"4687810544634","Conan","Dodson","Phasellus.vitae.mauris@magnaUttincidunt.net","2455 Tristique Ave","Imani","1992-06-12",2,50,4,6,2,10,41,3,1,8),(342,342,"2515611798398","Keefe","Schwartz","eget.magna@nonummyac.net","P.O. Box 227, 6119 Urna, St.","Clare","1986-10-23",0,38,5,7,1,11,40,1,0,7),(343,343,"9408428267324","Vielka","Stein","sit.amet.luctus@erat.edu","Ap #870-9404 Vel St.","Thane","1987-03-14",0,90,3,7,1,10,38,5,0,10),(344,344,"3486720267464","Chadwick","Mcconnell","eu@duinec.com","719-5583 Et St.","Fulton","1995-12-18",1,100,5,6,4,11,44,3,0,9),(345,345,"2329099156229","Melissa","Burke","sed.facilisis@ametrisus.co.uk","P.O. Box 166, 7257 Aptent Street","Nolan","1997-08-03",0,20,5,7,2,13,5,3,0,10),(346,346,"6890633538459","Cairo","Carney","ornare@Donecconsectetuer.com","907-7158 Scelerisque Av.","Dylan","1988-01-28",0,78,1,7,1,13,3,5,1,6),(347,347,"5969699813972","Harrison","Acosta","amet.consectetuer@molestie.com","P.O. Box 241, 7514 Nec, Av.","Hall","1992-03-25",1,20,2,9,1,12,13,5,1,7),(348,348,"3521855846431","Alea","Alvarez","urna.justo@Vestibulumante.edu","186-1102 Non Ave","Quintessa","1995-04-14",0,43,3,10,4,13,37,5,0,8),(349,349,"6132313278497","Owen","Chavez","aliquam.adipiscing.lacus@Sednulla.ca","6481 Lacinia St.","Fiona","1988-04-20",1,59,5,7,3,13,9,2,1,10),(350,350,"0198638786263","Guy","Calderon","Vivamus.non.lorem@purusmauris.co.uk","Ap #935-9091 Cras Street","Jocelyn","1988-08-06",0,43,3,8,1,13,13,2,1,9);
INSERT INTO `student_fact` (`id`,`student_user_id`,`jmbg`,`first_name`,`last_name`,`email`,`address`,`username`,`birthdate`,`gender`,`lab_group_dim_id`,`enrollment_date_dim_id`,`dissrollment_date_dim_id`,`department_dim_id`,`graduation_date_dim_id`,`current_semester_dim_id`,`study_year`,`budget`,`average_grade`) VALUES (351,351,"6121352276564","Joseph","Mack","nonummy.ut.molestie@lacusQuisqueimperdiet.edu","6201 Scelerisque Avenue","Quentin","1988-06-13",0,21,2,10,2,12,30,5,0,10),(352,352,"3521410921791","Ian","Maynard","quam.elementum@placeratorci.co.uk","Ap #401-6555 Massa. Ave","Mechelle","1988-06-02",0,45,2,9,1,13,15,3,1,10),(353,353,"4365043739906","Odette","Nash","gravida.sit.amet@doloregestasrhoncus.net","P.O. Box 849, 9682 Quam Road","Yoshio","1988-08-28",0,69,1,7,4,10,42,5,1,7),(354,354,"2519417395885","Tanisha","Jimenez","Integer.tincidunt@massa.com","517 Natoque Ave","Lars","1994-03-13",0,65,4,9,4,12,7,3,0,7),(355,355,"4542517483981","Iona","Simpson","hendrerit@risusvarius.net","P.O. Box 729, 8838 Ultrices Street","Winter","1986-11-16",1,2,1,6,4,12,11,1,1,6),(356,356,"9478737715339","Cedric","Snow","fames.ac@Phaselluselitpede.org","P.O. Box 911, 891 Parturient Street","Rebekah","1997-03-06",1,34,2,6,3,10,23,5,1,8),(357,357,"5135660562367","Vladimir","Walter","lorem.ut.aliquam@sitamet.org","247-8742 Nec Ave","Jared","1996-02-29",1,44,4,6,3,13,37,5,0,9),(358,358,"4663852045813","Beatrice","Dillard","feugiat.metus.sit@necmalesuada.co.uk","8804 Blandit Rd.","Tatum","1987-08-09",1,82,1,9,2,11,13,1,0,8),(359,359,"4411427984009","Jana","Whitaker","lacus@gravida.edu","Ap #963-437 Porttitor St.","Alvin","1985-04-11",1,95,5,9,2,13,24,4,1,6),(360,360,"9037216459423","Casey","Shepard","mi.enim.condimentum@ipsum.com","728 Tincidunt. Road","Phillip","1993-04-30",0,47,2,9,1,11,20,4,0,7);
INSERT INTO `student_fact` (`id`,`student_user_id`,`jmbg`,`first_name`,`last_name`,`email`,`address`,`username`,`birthdate`,`gender`,`lab_group_dim_id`,`enrollment_date_dim_id`,`dissrollment_date_dim_id`,`department_dim_id`,`graduation_date_dim_id`,`current_semester_dim_id`,`study_year`,`budget`,`average_grade`) VALUES (361,361,"2062459418644","Jade","Hensley","ligula.consectetuer@ullamcorper.edu","8372 In Rd.","Xanthus","1995-03-01",2,76,5,8,2,13,50,1,1,6),(362,362,"0246543497432","Cleo","Cummings","urna.et@DonecegestasAliquam.co.uk","P.O. Box 511, 131 Semper Ave","Briar","1993-04-22",1,19,2,8,1,13,38,1,0,7),(363,363,"3104544512030","Colin","Conley","arcu@nequevitaesemper.com","P.O. Box 462, 6041 Metus Av.","Arsenio","1985-10-31",2,59,2,8,1,11,28,4,0,7),(364,364,"4379960020390","Keaton","Jenkins","Cum.sociis@necluctusfelis.co.uk","798-5703 Pellentesque Road","Illiana","1988-12-07",0,47,2,10,4,11,14,1,1,7),(365,365,"9398132342064","Mason","Romero","non.justo.Proin@ut.ca","Ap #486-7339 Id St.","Rinah","1985-09-24",2,26,3,8,3,13,43,2,0,7),(366,366,"1651735855687","Hollee","Gould","dapibus.quam@ultricies.com","707-3512 Sed Ave","Hedda","1991-06-28",1,91,3,10,2,10,35,5,1,10),(367,367,"8978984110530","Josephine","Wilcox","Fusce.diam@anteipsumprimis.net","P.O. Box 109, 2024 Facilisis Av.","Leilani","1986-07-22",0,93,4,6,2,13,36,5,1,6),(368,368,"1583211664261","McKenzie","Pena","Sed@nullaIntegervulputate.net","7102 Aliquam St.","Suki","1988-12-31",1,5,5,10,4,11,12,2,0,9),(369,369,"8896164749780","Sebastian","Ochoa","et.risus.Quisque@purus.ca","P.O. Box 252, 6489 Magna. St.","Ross","1995-06-02",1,29,1,10,3,11,26,4,1,8),(370,370,"2825309411156","Blake","Davenport","nunc.Quisque.ornare@magna.co.uk","Ap #135-2086 Tempor Rd.","Riley","1988-12-02",2,80,2,8,1,12,40,1,1,7);
INSERT INTO `student_fact` (`id`,`student_user_id`,`jmbg`,`first_name`,`last_name`,`email`,`address`,`username`,`birthdate`,`gender`,`lab_group_dim_id`,`enrollment_date_dim_id`,`dissrollment_date_dim_id`,`department_dim_id`,`graduation_date_dim_id`,`current_semester_dim_id`,`study_year`,`budget`,`average_grade`) VALUES (371,371,"0203103868409","Lila","Burgess","diam.Pellentesque.habitant@acturpis.edu","9724 Morbi Road","Dominic","1993-02-07",2,65,4,7,1,12,19,2,1,6),(372,372,"6531573583389","Rosalyn","Harmon","Nullam@quismassa.com","P.O. Box 286, 448 Lectus Street","Noah","1987-06-06",0,55,2,7,3,11,33,1,1,8),(373,373,"7987003856616","Georgia","Lawson","eget.odio.Aliquam@feugiatplacerat.net","P.O. Box 688, 7246 Quis Road","Leonard","1994-08-20",2,48,5,8,4,13,31,1,0,9),(374,374,"4301514320748","Donovan","Wise","libero.Integer.in@Loremipsumdolor.com","Ap #736-2692 Nisi Avenue","Gray","1995-07-15",2,23,2,7,1,10,8,4,0,9),(375,375,"4364298171932","Bryar","Clark","ultricies.dignissim.lacus@quama.edu","676-5729 Rutrum Av.","Lydia","1986-01-12",2,15,1,7,4,10,43,3,0,10),(376,376,"0375770852808","Wendy","Goodman","Maecenas@scelerisquemollisPhasellus.org","Ap #550-5273 Quis Av.","Duncan","1996-12-06",2,80,4,7,4,10,24,4,1,8),(377,377,"7700907738237","Amery","Hansen","Fusce.dolor@enimcondimentumeget.org","4423 Auctor. Av.","Lyle","1988-01-09",2,100,5,7,3,13,14,2,0,6),(378,378,"1962770823553","Emmanuel","Garcia","nunc@feugiatmetussit.org","2628 Eu Ave","Camilla","1988-01-22",1,94,5,7,4,13,3,1,0,6),(379,379,"5344504333884","Geoffrey","Conley","et.euismod.et@aliquetlobortisnisi.org","Ap #945-3786 Proin Avenue","Sage","1993-02-17",1,25,3,8,3,12,5,3,0,6),(380,380,"1391163184895","Jocelyn","Glenn","ipsum.sodales.purus@enimSuspendissealiquet.net","P.O. Box 768, 9313 Aenean Ave","Eagan","1985-11-10",2,47,1,7,4,13,23,2,1,10);
INSERT INTO `student_fact` (`id`,`student_user_id`,`jmbg`,`first_name`,`last_name`,`email`,`address`,`username`,`birthdate`,`gender`,`lab_group_dim_id`,`enrollment_date_dim_id`,`dissrollment_date_dim_id`,`department_dim_id`,`graduation_date_dim_id`,`current_semester_dim_id`,`study_year`,`budget`,`average_grade`) VALUES (381,381,"5552381013330","Price","Delgado","libero@vestibulum.org","232-9656 Odio. St.","Melvin","1990-04-23",1,21,4,8,4,11,12,5,1,6),(382,382,"1901525949334","Jaden","Elliott","urna.Vivamus.molestie@gravida.org","Ap #358-8403 Maecenas St.","Paloma","1986-07-13",2,28,5,7,3,11,36,2,0,9),(383,383,"6555499731758","Regan","Mcleod","rhoncus.Donec.est@orciadipiscingnon.ca","111-9328 Cras Av.","Lael","1991-08-21",1,90,5,7,3,10,47,4,0,8),(384,384,"7183244321917","Odette","Martinez","lectus.rutrum.urna@pellentesque.edu","P.O. Box 786, 2358 A Avenue","Carol","1992-07-24",1,30,3,9,2,11,4,3,0,6),(385,385,"8845515816444","Fritz","Noel","eu@nequenonquam.net","P.O. Box 502, 247 Morbi Road","Bree","1993-03-07",1,8,1,7,4,13,8,1,1,7),(386,386,"3088352097848","Shellie","Oneill","egestas.nunc.sed@elementumsem.net","994 Mauris. St.","Leigh","1996-11-30",2,35,4,9,3,12,7,3,1,7),(387,387,"3603274005794","Bruno","Kinney","risus.odio@Integer.net","Ap #472-739 Ante Road","Alan","1997-10-26",0,90,3,9,4,13,5,5,1,7),(388,388,"7508851212200","Keely","Sanford","eu@pedePraesenteu.com","P.O. Box 427, 4961 Et Ave","Leila","1996-08-10",0,62,2,10,2,10,46,1,0,6),(389,389,"2459337426359","Kieran","Hyde","aliquam@Sed.co.uk","Ap #297-6955 Netus Rd.","Cain","1988-10-11",1,66,4,10,4,12,47,1,0,8),(390,390,"6799468111911","Bree","Hanson","Donec.dignissim@nunc.net","408-2156 Tortor. Road","Brett","1985-12-04",2,61,1,6,1,10,33,4,0,10);
INSERT INTO `student_fact` (`id`,`student_user_id`,`jmbg`,`first_name`,`last_name`,`email`,`address`,`username`,`birthdate`,`gender`,`lab_group_dim_id`,`enrollment_date_dim_id`,`dissrollment_date_dim_id`,`department_dim_id`,`graduation_date_dim_id`,`current_semester_dim_id`,`study_year`,`budget`,`average_grade`) VALUES (391,391,"1010977272407","Gray","Lowery","ridiculus.mus.Donec@ProinultricesDuis.ca","391-145 Purus Rd.","Fiona","1984-12-20",1,29,1,6,2,10,35,2,1,9),(392,392,"5796202592023","Ginger","Cash","sociis.natoque.penatibus@ultriciesligulaNullam.edu","P.O. Box 623, 9561 Primis Rd.","Brian","1985-07-30",1,11,1,8,4,13,21,2,0,9),(393,393,"5897440330133","Britanni","Lowe","sagittis@eratvolutpatNulla.co.uk","992-609 Nec Avenue","Omar","1990-06-23",0,41,3,7,4,12,11,1,0,6),(394,394,"0347491670948","Aurora","Briggs","metus@sitametconsectetuer.edu","4990 Donec Rd.","Maxine","1986-07-06",2,88,3,7,1,10,40,2,0,8),(395,395,"5835791665800","Harding","Justice","ac.mattis@Curabitur.edu","P.O. Box 990, 2337 Mollis. Av.","Dorothy","1995-07-04",1,49,1,6,4,10,11,1,0,10),(396,396,"5357927178496","Xander","Sandoval","fermentum@sitametmetus.com","P.O. Box 449, 3060 In, Avenue","Athena","1986-10-09",2,47,1,7,4,10,44,2,1,6),(397,397,"7059055678989","Daniel","Bartlett","per@Cum.ca","6594 Convallis Ave","Cassandra","1990-04-27",2,81,2,7,4,13,40,2,0,8),(398,398,"0009515884543","Quin","Wilder","magna.a@sollicitudin.ca","P.O. Box 323, 1075 Consequat Road","Cyrus","1996-03-13",0,49,5,6,3,11,48,2,1,6),(399,399,"8709657557213","Kaitlin","Manning","aliquet.Proin@enimMauris.org","597-9434 Libero. Ave","Ulric","1995-04-27",0,55,2,8,3,13,12,2,0,9),(400,400,"5923355463750","Oliver","Holden","scelerisque.lorem@Vivamus.com","P.O. Box 974, 2653 Congue, Rd.","Ignacia","1988-08-26",2,63,4,7,4,13,39,2,0,7);
INSERT INTO `student_fact` (`id`,`student_user_id`,`jmbg`,`first_name`,`last_name`,`email`,`address`,`username`,`birthdate`,`gender`,`lab_group_dim_id`,`enrollment_date_dim_id`,`dissrollment_date_dim_id`,`department_dim_id`,`graduation_date_dim_id`,`current_semester_dim_id`,`study_year`,`budget`,`average_grade`) VALUES (401,401,"6632247245200","Julie","Whitley","vulputate@hendreritDonecporttitor.edu","P.O. Box 186, 6915 Ac Avenue","Lana","1989-01-28",1,51,1,9,3,13,41,5,0,8),(402,402,"8468154958814","Declan","Boyle","eu@ametorci.com","7248 Ut Rd.","Vivian","1991-06-15",0,40,5,9,1,11,33,3,1,7),(403,403,"7118375723178","Quentin","Butler","eleifend@nonquamPellentesque.co.uk","9074 Sit Road","Simon","1995-02-20",0,5,2,8,2,11,9,3,0,10),(404,404,"6527496596786","Tamekah","Ruiz","tempus.eu.ligula@sapiencursusin.net","Ap #479-4477 Quisque Road","Cyrus","1993-06-07",1,28,2,10,2,10,29,4,1,6),(405,405,"9680040092231","Colin","Kelly","consectetuer@eu.com","P.O. Box 927, 1281 Sed St.","Reece","1996-01-19",2,43,4,9,1,11,20,3,0,7),(406,406,"6300595541413","Kennedy","Santana","mi.Aliquam.gravida@nonlobortis.net","P.O. Box 125, 5751 Fringilla. Avenue","Raven","1988-08-22",2,26,2,8,2,13,49,2,1,8),(407,407,"5401087159781","Martin","Calderon","Nullam.scelerisque@facilisismagnatellus.org","Ap #269-4412 Sed Ave","Carissa","1993-08-21",2,94,1,10,3,11,43,1,0,10),(408,408,"9034325690494","Raya","Graham","sem@facilisisloremtristique.ca","1686 Aliquam Street","Nasim","1993-07-26",2,69,5,8,4,13,22,2,1,9),(409,409,"6479525700744","Tana","Holcomb","tellus.non.magna@necmetus.co.uk","Ap #793-8050 Sed Street","Simone","1990-08-08",2,41,4,8,4,10,19,1,1,7),(410,410,"2649086020000","Gannon","Velazquez","Integer@a.net","P.O. Box 895, 6502 Suspendisse Street","Dacey","1995-06-13",1,91,1,9,4,12,48,3,0,7);
INSERT INTO `student_fact` (`id`,`student_user_id`,`jmbg`,`first_name`,`last_name`,`email`,`address`,`username`,`birthdate`,`gender`,`lab_group_dim_id`,`enrollment_date_dim_id`,`dissrollment_date_dim_id`,`department_dim_id`,`graduation_date_dim_id`,`current_semester_dim_id`,`study_year`,`budget`,`average_grade`) VALUES (411,411,"6954677082254","Yetta","Hogan","ut@turpisnonenim.net","893-6565 Fames Street","Adara","1985-12-24",2,46,5,9,1,10,1,4,1,8),(412,412,"6177843286684","Giselle","Thompson","tortor.nibh.sit@sedhendrerit.co.uk","Ap #470-692 Ipsum Rd.","Alvin","1995-02-28",2,68,1,9,2,11,11,1,1,7),(413,413,"0317984249018","Keith","Webster","eget@commodohendrerit.co.uk","Ap #651-1182 Bibendum Road","Lawrence","1989-05-12",1,6,1,9,3,10,6,1,0,9),(414,414,"9423708451402","Aiko","Sharp","nisl.arcu@Aliquameratvolutpat.com","Ap #167-9856 Ultricies St.","Amal","1989-05-17",1,16,3,8,2,10,43,5,0,8),(415,415,"2275514204470","Carol","Waters","a.facilisis.non@tacitisociosquad.co.uk","P.O. Box 942, 2144 Amet Rd.","Ocean","1985-02-24",2,37,4,8,2,12,17,3,0,9),(416,416,"4997453250075","Lunea","Murray","amet.ultricies@lacusCrasinterdum.ca","P.O. Box 296, 3242 Mauris. Av.","Reuben","1993-06-13",1,9,4,10,2,13,23,3,1,8),(417,417,"6904065960409","Fuller","Hull","pellentesque.eget.dictum@semperdui.net","Ap #751-9999 Risus. Av.","Elijah","1987-06-09",2,11,2,8,1,11,5,3,1,7),(418,418,"5002728209595","Maia","Velasquez","dignissim.Maecenas.ornare@duiFuscealiquam.edu","Ap #725-2218 Nisi. Road","Keane","1991-01-21",1,48,5,8,2,13,32,4,1,7),(419,419,"0426231902953","Hamilton","Mack","malesuada@Cumsociisnatoque.com","3354 Suspendisse St.","Dominique","1985-10-16",2,13,5,8,2,11,44,3,0,7),(420,420,"6538564713990","Nasim","Delgado","litora.torquent@aenim.ca","4329 Nisi. St.","Selma","1985-04-19",0,38,5,9,4,12,11,5,0,8);
INSERT INTO `student_fact` (`id`,`student_user_id`,`jmbg`,`first_name`,`last_name`,`email`,`address`,`username`,`birthdate`,`gender`,`lab_group_dim_id`,`enrollment_date_dim_id`,`dissrollment_date_dim_id`,`department_dim_id`,`graduation_date_dim_id`,`current_semester_dim_id`,`study_year`,`budget`,`average_grade`) VALUES (421,421,"0860736365450","Zeph","Mejia","mauris@malesuadavelvenenatis.ca","3544 Ornare Av.","Lester","1986-10-02",2,98,4,8,4,12,35,4,0,8),(422,422,"6567804376259","Jack","Hood","Nunc.sollicitudin.commodo@urna.ca","P.O. Box 421, 8076 Erat. Avenue","Amber","1986-04-18",2,25,2,6,2,13,27,2,1,10),(423,423,"5043070346537","Felix","Holman","quis.lectus@sem.co.uk","385-9678 Nunc Ave","Reuben","1987-06-01",0,34,2,7,2,10,38,1,0,6),(424,424,"9292894480569","Chiquita","Solis","sed.sapien.Nunc@Morbinon.edu","5514 Nulla Street","Forrest","1995-08-26",0,60,2,6,1,10,18,4,0,8),(425,425,"0938617447014","Quail","Gould","neque.Morbi@metus.org","P.O. Box 862, 8105 Enim Street","Keelie","1987-10-01",2,43,2,10,4,12,8,2,1,7),(426,426,"7921314186106","Jasper","Conner","vestibulum.lorem.sit@necluctusfelis.com","622-4127 Ullamcorper Ave","Colin","1988-04-14",0,35,4,8,1,10,32,2,1,6),(427,427,"0318680697708","Rosalyn","Mueller","sem@Maecenasiaculis.org","Ap #883-6953 Ultrices Street","Asher","1988-12-16",0,50,3,9,1,13,2,4,0,10),(428,428,"8600882704163","Brynn","Peck","Phasellus.libero.mauris@purusgravida.net","163-384 Volutpat Av.","Armando","1996-12-18",0,41,2,7,2,11,32,2,1,8),(429,429,"4712646948121","Lilah","Mack","hendrerit.neque@sempertellusid.org","8899 Quisque Rd.","Madeline","1987-04-12",0,22,5,6,1,13,47,5,0,6),(430,430,"7276013708726","Forrest","Spence","metus.facilisis@ultriciesadipiscingenim.com","4183 Risus. Avenue","Pascale","1993-04-15",1,26,2,6,2,13,17,1,1,8);
INSERT INTO `student_fact` (`id`,`student_user_id`,`jmbg`,`first_name`,`last_name`,`email`,`address`,`username`,`birthdate`,`gender`,`lab_group_dim_id`,`enrollment_date_dim_id`,`dissrollment_date_dim_id`,`department_dim_id`,`graduation_date_dim_id`,`current_semester_dim_id`,`study_year`,`budget`,`average_grade`) VALUES (431,431,"4759117356737","Nathaniel","Winters","ornare.facilisis@ettristiquepellentesque.org","3930 Duis Street","Amal","1986-12-29",0,69,4,7,3,11,5,2,0,8),(432,432,"1130263028667","Dorothy","Solomon","quam@odio.edu","312 A, Av.","Joshua","1994-04-03",1,33,5,6,4,13,22,5,1,9),(433,433,"6602993337349","James","Preston","Quisque@estNuncullamcorper.ca","5058 Malesuada Ave","Gretchen","1993-03-25",1,4,5,7,2,12,41,1,0,10),(434,434,"5200442626684","Sonya","Estrada","congue.elit@euenimEtiam.ca","P.O. Box 321, 5920 Non Street","Gage","1995-02-27",0,42,2,9,4,10,27,3,1,8),(435,435,"0422728855642","Susan","Rowland","Phasellus.dolor.elit@quam.edu","P.O. Box 756, 3750 Fusce St.","Carlos","1994-04-26",2,77,3,7,3,12,45,2,1,9),(436,436,"0450273558811","Cooper","Mccarty","arcu@porttitor.ca","Ap #268-8997 Aliquet Av.","Marcia","1991-01-02",1,9,2,6,2,12,10,1,0,8),(437,437,"2528897425660","Otto","Macdonald","eu@odio.net","3110 Cras Road","Ava","1994-01-19",1,26,3,6,1,11,36,5,1,10),(438,438,"9958305504106","Petra","Travis","leo@sedfacilisis.co.uk","6499 Mollis. Rd.","Damian","1985-03-26",1,16,2,10,2,13,8,4,0,10),(439,439,"4541972109223","Mollie","Flynn","senectus.et.netus@elit.edu","538-2189 Nonummy Av.","Winifred","1990-06-07",1,82,3,9,3,13,36,1,0,10),(440,440,"2543490171473","Karyn","Whitehead","Integer.eu.lacus@euenimEtiam.edu","Ap #733-9096 Metus. Ave","Idona","1991-03-01",1,29,3,6,1,13,31,1,1,8);
INSERT INTO `student_fact` (`id`,`student_user_id`,`jmbg`,`first_name`,`last_name`,`email`,`address`,`username`,`birthdate`,`gender`,`lab_group_dim_id`,`enrollment_date_dim_id`,`dissrollment_date_dim_id`,`department_dim_id`,`graduation_date_dim_id`,`current_semester_dim_id`,`study_year`,`budget`,`average_grade`) VALUES (441,441,"2029356869561","Shana","Fowler","Curabitur.egestas@vulputatenisi.edu","P.O. Box 325, 346 At St.","Savannah","1994-05-30",1,43,1,9,2,12,49,5,0,10),(442,442,"7858862953660","Abdul","Camacho","magna.Duis@dictummi.co.uk","1404 Rhoncus. Av.","Xander","1992-01-01",0,58,1,9,2,11,26,1,1,8),(443,443,"6012863315261","Hadassah","Mosley","risus@nulla.co.uk","9140 Euismod St.","Mary","1987-03-04",0,65,5,9,1,13,38,3,1,7),(444,444,"6523416039694","Norman","Jones","Proin.vel@liberoduinec.ca","2522 Eget Road","Tanisha","1991-10-10",0,4,3,9,4,11,25,1,1,6),(445,445,"9642345997785","Jin","Carver","Donec.nibh@loremipsum.com","182-6759 In St.","Alfreda","1985-10-26",1,88,2,8,2,10,2,2,0,7),(446,446,"6745204539331","Donovan","Haley","enim.diam@diamPellentesque.com","615-8617 Egestas. St.","Charlotte","1996-01-13",2,22,3,10,1,13,3,5,0,7),(447,447,"7108092805048","Hayes","Lawson","sit.amet@ridiculus.org","Ap #339-7748 Sem Av.","Ezekiel","1995-01-22",0,81,5,10,4,13,32,2,0,7),(448,448,"7944371224274","Leila","Griffin","vestibulum.massa.rutrum@dolorQuisquetincidunt.org","846-5076 Molestie Road","Zane","1989-03-05",1,97,4,8,2,12,42,3,0,6),(449,449,"4249344314552","Shelley","Justice","dapibus.quam@vitae.com","979-3618 Accumsan Street","Drew","1994-07-02",1,23,5,7,2,13,37,3,0,9),(450,450,"1559412231583","Genevieve","Young","lectus.ante@Sed.org","7179 Massa. Street","Kirk","1997-08-05",0,97,4,8,2,12,26,2,0,9);
INSERT INTO `student_fact` (`id`,`student_user_id`,`jmbg`,`first_name`,`last_name`,`email`,`address`,`username`,`birthdate`,`gender`,`lab_group_dim_id`,`enrollment_date_dim_id`,`dissrollment_date_dim_id`,`department_dim_id`,`graduation_date_dim_id`,`current_semester_dim_id`,`study_year`,`budget`,`average_grade`) VALUES (451,451,"7336782745482","Yvonne","Reilly","litora@velitegetlaoreet.co.uk","Ap #190-7746 Blandit Road","Megan","1985-01-17",2,80,3,6,1,10,10,1,0,9),(452,452,"3256053122609","Demetria","David","et@nibhenim.com","966-3781 Non St.","Reed","1996-09-19",2,14,5,7,2,10,6,3,1,7),(453,453,"2448075667439","Wesley","Mccoy","eu.eleifend@torquentperconubia.com","P.O. Box 954, 2019 Natoque St.","Jack","1990-01-21",2,2,1,8,2,13,8,3,1,6),(454,454,"2910982373057","Ainsley","Burt","neque.tellus@Curabitur.net","Ap #307-5297 Cursus Street","Norman","1991-08-18",2,41,2,9,3,11,15,3,1,9),(455,455,"6024793600604","Macaulay","Green","neque@justo.edu","Ap #251-5645 At St.","Jolene","1985-04-28",1,87,1,8,3,11,22,4,0,6),(456,456,"3189370871279","Ferdinand","Pope","id.enim.Curabitur@mi.org","Ap #801-9926 Sociis Road","Aaron","1985-04-11",1,36,1,9,3,12,29,2,0,8),(457,457,"1220631106141","Sebastian","Langley","tempor.arcu@Integer.org","Ap #202-3443 Aenean Rd.","Ashely","1989-09-27",2,22,4,7,4,11,49,2,0,7),(458,458,"2382489148451","Chanda","Hubbard","Phasellus.libero@Fuscealiquet.net","P.O. Box 996, 1496 Eu Avenue","Kyle","1990-12-10",2,66,3,8,3,12,5,3,0,10),(459,459,"5943038218719","Meghan","Hoover","sed.sem@tellus.co.uk","P.O. Box 304, 8138 Enim Rd.","Dorian","1996-07-07",0,21,3,7,3,11,41,3,1,6),(460,460,"2367373473492","Maite","Carpenter","Cras@maurissagittis.edu","531-9216 Netus Road","Colton","1995-12-26",0,9,3,7,1,11,15,3,0,10);
INSERT INTO `student_fact` (`id`,`student_user_id`,`jmbg`,`first_name`,`last_name`,`email`,`address`,`username`,`birthdate`,`gender`,`lab_group_dim_id`,`enrollment_date_dim_id`,`dissrollment_date_dim_id`,`department_dim_id`,`graduation_date_dim_id`,`current_semester_dim_id`,`study_year`,`budget`,`average_grade`) VALUES (461,461,"0559439280180","Michael","Phillips","nulla.Cras.eu@atlacusQuisque.co.uk","7423 Velit. Road","Cody","1992-08-11",1,41,4,6,4,12,50,2,1,6),(462,462,"7640195756828","Sade","Good","Aliquam.nec.enim@ProindolorNulla.edu","8208 Ipsum Road","Reagan","1996-03-28",1,66,4,7,4,10,9,1,1,7),(463,463,"7906980781098","Wynne","Hahn","ridiculus.mus.Aenean@gravida.org","458-9333 Mauris Av.","Mufutau","1991-11-24",0,43,2,6,2,10,21,2,1,9),(464,464,"7034008859002","Oleg","Tate","scelerisque@sit.net","4713 Scelerisque Rd.","Clare","1990-05-26",2,32,5,9,1,13,47,4,0,10),(465,465,"5227606795028","Fallon","Sanchez","ultricies.ligula.Nullam@sitametconsectetuer.com","Ap #108-1191 Sed Ave","Robert","1994-03-16",0,26,5,8,2,10,1,2,1,8),(466,466,"4003012756371","Alisa","Palmer","tincidunt@Morbi.edu","P.O. Box 984, 6529 Aliquam St.","Ignatius","1992-02-28",0,90,4,6,3,11,34,3,1,7),(467,467,"5371334509477","Veda","Ellison","Donec.tempus.lorem@eunullaat.com","3579 Neque Av.","Chester","1995-07-15",0,44,3,7,1,12,1,4,0,7),(468,468,"5449096745483","Armand","Waters","non.enim.commodo@inmolestie.net","Ap #114-813 Elit. Rd.","Dawn","1994-03-10",0,37,4,7,4,12,2,2,1,6),(469,469,"2079572802842","Amethyst","Frye","Aliquam@nisimagnased.org","7901 Vivamus Av.","Shafira","1991-05-13",2,94,5,10,3,12,48,2,0,9),(470,470,"0939381780907","Ulric","Lloyd","sit@quis.edu","745-8039 Nulla. St.","Montana","1986-04-19",1,96,5,10,2,12,42,4,1,8);
INSERT INTO `student_fact` (`id`,`student_user_id`,`jmbg`,`first_name`,`last_name`,`email`,`address`,`username`,`birthdate`,`gender`,`lab_group_dim_id`,`enrollment_date_dim_id`,`dissrollment_date_dim_id`,`department_dim_id`,`graduation_date_dim_id`,`current_semester_dim_id`,`study_year`,`budget`,`average_grade`) VALUES (471,471,"7257315495209","Larissa","Ewing","habitant@facilisis.com","P.O. Box 499, 1427 Lectus Av.","Caldwell","1993-08-05",2,67,3,8,3,13,47,5,0,10),(472,472,"2410486251692","Penelope","Cherry","erat.nonummy.ultricies@Nullamfeugiatplacerat.com","P.O. Box 671, 9844 Taciti Rd.","Kelsey","1996-05-21",2,84,3,10,1,12,44,1,0,9),(473,473,"0812433338488","Candace","Carey","tincidunt.neque.vitae@ultricesmaurisipsum.com","P.O. Box 679, 3708 Mauris Avenue","Lamar","1990-02-03",2,90,1,8,3,10,12,3,1,6),(474,474,"4196906770304","Diana","Martin","amet.ornare.lectus@Fuscealiquetmagna.ca","Ap #179-8710 Tristique Av.","Zephania","1985-10-08",0,21,4,6,1,10,17,5,0,10),(475,475,"5606626781571","Gail","Goodman","eleifend.non.dapibus@sociisnatoquepenatibus.net","Ap #959-7165 Ligula. St.","Angelica","1989-12-22",2,43,5,9,4,13,41,1,1,9),(476,476,"7216257873933","Baker","Thornton","pellentesque@Curabitursed.com","Ap #339-3807 Enim Rd.","Steel","1992-04-26",0,98,2,9,1,10,39,5,0,7),(477,477,"8676738140585","Ezekiel","Bender","Quisque.nonummy@lacusMauris.ca","Ap #846-8090 Nunc St.","Hunter","1988-09-20",1,80,5,10,4,13,47,2,1,6),(478,478,"3207650715474","Channing","Walter","Donec@Nullamnisl.com","P.O. Box 104, 4697 Nunc St.","Chava","1994-02-09",1,85,1,6,2,12,40,2,1,9),(479,479,"6292915538559","Noelani","Tate","diam.nunc@mienim.com","Ap #117-768 Cubilia Rd.","Faith","1995-05-11",0,86,2,6,1,11,29,3,1,6),(480,480,"7960971124296","Meredith","Camacho","purus.sapien.gravida@Integereulacus.org","P.O. Box 327, 8968 Amet, Rd.","Jerome","1990-02-16",0,3,1,9,4,10,3,5,0,9);
INSERT INTO `student_fact` (`id`,`student_user_id`,`jmbg`,`first_name`,`last_name`,`email`,`address`,`username`,`birthdate`,`gender`,`lab_group_dim_id`,`enrollment_date_dim_id`,`dissrollment_date_dim_id`,`department_dim_id`,`graduation_date_dim_id`,`current_semester_dim_id`,`study_year`,`budget`,`average_grade`) VALUES (481,481,"1378413938035","Steven","Sosa","molestie.pharetra@ipsumprimis.net","583-1493 Lacinia Rd.","Joan","1985-09-22",1,55,2,10,3,11,44,2,1,6),(482,482,"9155532107326","Hilary","Zimmerman","libero.mauris.aliquam@loremutaliquam.org","Ap #826-4272 Praesent Rd.","Ulric","1993-09-29",2,51,2,6,3,13,38,2,1,6),(483,483,"3754367530678","Hedda","Rodriguez","at@velit.co.uk","715-1887 Lorem St.","Dacey","1987-08-03",2,34,2,10,4,13,32,1,0,8),(484,484,"1099242823630","Kimberley","Walters","magnis@dolor.net","747-9987 Commodo Ave","Graiden","1986-09-03",1,99,1,7,4,10,21,4,0,7),(485,485,"3037643254548","Idola","Mcgee","nibh@venenatis.net","863-5568 Nonummy Rd.","Sebastian","1989-01-03",2,46,4,7,3,12,9,5,1,10),(486,486,"3862942321875","Ray","Cox","viverra.Maecenas.iaculis@Crasvulputatevelit.com","855-9124 Interdum Rd.","Stephanie","1996-02-09",2,86,3,7,2,11,13,3,0,8),(487,487,"7349564317000","Tyrone","Castro","Ut@felisullamcorper.co.uk","P.O. Box 831, 4088 Cras St.","Indira","1987-01-22",1,51,5,9,2,10,44,2,0,8),(488,488,"2006860048504","Aurelia","Goodwin","placerat.orci@anteipsum.org","9048 Ornare. St.","Ivan","1996-04-25",1,88,3,9,4,10,21,4,0,10),(489,489,"5868123003152","Orson","William","enim.Sed.nulla@arcuAliquam.edu","P.O. Box 554, 4025 Tempor Avenue","Charity","1986-12-18",0,60,1,8,3,11,14,4,1,10),(490,490,"5676329411402","Damon","Vance","amet.orci@tristiquesenectuset.ca","6213 Fusce Ave","Lucius","1995-05-18",0,46,4,6,1,13,14,1,1,8);
INSERT INTO `student_fact` (`id`,`student_user_id`,`jmbg`,`first_name`,`last_name`,`email`,`address`,`username`,`birthdate`,`gender`,`lab_group_dim_id`,`enrollment_date_dim_id`,`dissrollment_date_dim_id`,`department_dim_id`,`graduation_date_dim_id`,`current_semester_dim_id`,`study_year`,`budget`,`average_grade`) VALUES (491,491,"7423718911800","Eagan","Wright","posuere.at.velit@acturpis.com","465-9578 Elit, Rd.","Beck","1989-04-26",1,21,4,10,3,10,48,2,0,8),(492,492,"0510956939040","Arsenio","Shields","natoque.penatibus@feugiatnecdiam.org","328 Orci Ave","TaShya","1990-05-26",0,94,1,9,1,13,18,2,0,7),(493,493,"3975054504874","Chastity","Workman","posuere@necanteMaecenas.net","5673 Iaculis Road","Adria","1995-03-16",2,84,4,8,4,11,2,1,0,10),(494,494,"1248254670130","Kadeem","Mcgee","nec@vitaeeratvel.co.uk","8632 Elit Rd.","Eliana","1986-10-04",1,19,3,6,1,11,5,3,0,6),(495,495,"3051713165767","Jael","Robles","a.auctor.non@vitae.com","Ap #718-5695 Primis Rd.","Iola","1996-01-19",1,95,1,6,4,11,6,2,0,6),(496,496,"9522185856150","Gareth","Barlow","eu.tellus.eu@orciUt.net","9334 A, Rd.","Paki","1985-03-20",0,95,4,7,3,10,14,1,1,8),(497,497,"1294513050795","Medge","Vega","odio.Etiam.ligula@Naminterdum.com","Ap #509-8957 Hendrerit. Avenue","India","1993-01-07",0,90,4,9,1,10,45,1,1,10),(498,498,"0782988673991","Kareem","Nolan","libero.Donec@lorem.com","Ap #767-717 Libero Street","Wing","1997-03-14",1,89,5,10,3,12,26,5,1,9),(499,499,"0934759795363","Thomas","Velasquez","egestas.blandit.Nam@arcuMorbisit.edu","P.O. Box 149, 8955 Eget Road","Paula","1991-03-13",1,5,2,10,2,13,35,1,1,10),(500,500,"8179936521735","Lilah","Cherry","libero@molestieintempus.ca","Ap #127-4015 Etiam Avenue","Bevis","1988-04-14",0,98,2,6,4,13,27,4,0,9);
INSERT INTO `student_fact` (`id`,`student_user_id`,`jmbg`,`first_name`,`last_name`,`email`,`address`,`username`,`birthdate`,`gender`,`lab_group_dim_id`,`enrollment_date_dim_id`,`dissrollment_date_dim_id`,`department_dim_id`,`graduation_date_dim_id`,`current_semester_dim_id`,`study_year`,`budget`,`average_grade`) VALUES (501,501,"2131879276203","Yardley","Richmond","luctus.lobortis.Class@netusetmalesuada.ca","965-1839 Ac Street","Maris","1996-05-29",1,64,4,8,1,13,10,1,1,10),(502,502,"7328143284266","Morgan","Wilkins","sapien.cursus.in@sit.com","P.O. Box 185, 1874 Tincidunt Street","Odysseus","1987-09-18",0,5,1,7,4,10,28,4,0,7),(503,503,"8099599796993","Kasper","Luna","nisl.elementum@bibendumullamcorper.net","237-4904 Dui. Rd.","Kaseem","1994-09-29",1,76,2,7,1,12,21,4,0,9),(504,504,"7483250626777","Hakeem","Joyce","ultricies@auctorvelit.co.uk","Ap #400-4322 Justo. St.","Craig","1994-11-23",0,51,3,7,4,13,30,3,0,7),(505,505,"3609826873120","Martina","Roach","Integer.eu@sem.edu","Ap #504-3765 Euismod Rd.","Brynn","1994-09-28",0,29,5,8,4,10,37,5,0,8),(506,506,"2740176723359","Mercedes","Fox","diam.eu@Vestibulumuteros.net","P.O. Box 665, 3251 Eget, Rd.","Melanie","1997-06-13",1,91,2,10,3,11,4,1,0,8),(507,507,"4987938540337","Aladdin","Murphy","ipsum@mus.co.uk","649-938 Nec Street","Matthew","1986-11-23",2,36,2,9,3,12,45,1,0,9),(508,508,"9063699397096","Amos","Mack","et.ultrices.posuere@ultricesposuere.ca","3935 Leo St.","Amber","1995-02-21",1,48,2,10,1,12,43,1,1,8),(509,509,"1514973350316","Dorothy","Jefferson","semper@vitae.com","795-8251 Quam, Rd.","Violet","1992-07-19",0,17,5,8,2,11,29,4,1,6),(510,510,"6613622633737","Maile","Mcintyre","dapibus.gravida@justo.net","496-4558 Fusce Street","Nyssa","1987-04-10",2,4,5,8,3,10,27,2,1,6);
INSERT INTO `student_fact` (`id`,`student_user_id`,`jmbg`,`first_name`,`last_name`,`email`,`address`,`username`,`birthdate`,`gender`,`lab_group_dim_id`,`enrollment_date_dim_id`,`dissrollment_date_dim_id`,`department_dim_id`,`graduation_date_dim_id`,`current_semester_dim_id`,`study_year`,`budget`,`average_grade`) VALUES (511,511,"7089008756151","Robert","Wiggins","vulputate.mauris@sagittisfelisDonec.ca","P.O. Box 929, 1456 Proin Road","Brenden","1985-01-16",2,26,3,8,1,10,5,2,1,8),(512,512,"8573367914704","Karly","Cain","ullamcorper.Duis.at@egetdictumplacerat.net","9464 Venenatis Road","Shaeleigh","1997-04-25",1,66,3,9,3,11,36,5,1,10),(513,513,"1040394531949","Brendan","Summers","Duis@Nuncquisarcu.co.uk","9414 Elementum Road","Demetrius","1993-04-20",1,34,2,10,2,13,36,4,1,9),(514,514,"8032362841958","Debra","Wallace","mattis.Integer@placerat.co.uk","Ap #456-4176 Nam Street","Frances","1989-09-27",2,9,2,9,2,10,22,5,1,8),(515,515,"6633152840041","Ignatius","Albert","Proin@dictummagnaUt.net","1085 Blandit Av.","Porter","1989-08-21",2,65,5,7,2,11,43,4,1,9),(516,516,"7286865329202","Ignatius","Huffman","fringilla.porttitor.vulputate@sitamet.ca","6399 Neque. Rd.","Clare","1992-06-08",2,100,5,6,3,12,26,3,0,10),(517,517,"1412257321977","Connor","Solis","magnis.dis.parturient@Integersemelit.com","Ap #642-3778 Ad Ave","Aidan","1992-09-13",2,79,2,6,4,10,40,4,0,9),(518,518,"9479203685608","Linus","Adkins","scelerisque@sagittis.org","Ap #342-9091 Quis, St.","Valentine","1993-05-20",2,25,4,6,1,11,30,3,1,7),(519,519,"5032892600391","Avye","Glover","blandit.mattis@nonhendreritid.ca","128 Lobortis, St.","Germaine","1995-11-08",2,57,5,6,4,13,5,2,0,7),(520,520,"3830879428293","Kirestin","Guerrero","Sed@consectetuer.co.uk","4861 Enim. Av.","Carson","1988-08-14",2,56,3,6,3,10,48,1,1,10);
INSERT INTO `student_fact` (`id`,`student_user_id`,`jmbg`,`first_name`,`last_name`,`email`,`address`,`username`,`birthdate`,`gender`,`lab_group_dim_id`,`enrollment_date_dim_id`,`dissrollment_date_dim_id`,`department_dim_id`,`graduation_date_dim_id`,`current_semester_dim_id`,`study_year`,`budget`,`average_grade`) VALUES (521,521,"8800673846892","Kamal","Cannon","sit.amet.orci@etmagnis.ca","P.O. Box 857, 3961 Porttitor Rd.","Neville","1993-12-22",0,44,1,10,2,13,1,1,1,10),(522,522,"9046286166840","Kibo","Norris","cursus.non.egestas@feugiatSed.net","187-4214 Eros Rd.","Kathleen","1989-02-08",2,89,1,9,3,13,12,2,0,6),(523,523,"1489341649706","Tarik","Gentry","Donec.tincidunt@estmauris.co.uk","797-907 Hendrerit St.","Bruno","1997-10-25",1,91,4,9,4,10,37,4,1,7),(524,524,"8646967833800","Quynn","Gray","mauris@erat.net","496-7408 Dolor Street","Raphael","1992-04-10",1,29,5,7,4,11,31,4,0,9),(525,525,"4124387685564","Christopher","Morin","est.arcu.ac@vulputatemauris.net","5957 Vestibulum Road","Myles","1996-09-10",0,82,4,6,3,13,26,1,0,7),(526,526,"7622570368742","Ishmael","Mcmahon","facilisis.eget@Donec.ca","P.O. Box 741, 9258 Egestas, Av.","Josiah","1991-12-12",0,52,4,7,3,13,15,2,1,7),(527,527,"2602242291802","Roanna","Leach","sociosqu.ad.litora@nibhPhasellusnulla.ca","Ap #226-4924 Sed St.","Cain","1991-06-16",0,75,2,10,2,12,38,4,0,6),(528,528,"3355159739575","Evangeline","Boyd","turpis@egestasSedpharetra.ca","759-702 Gravida. Av.","Macon","1988-04-21",2,50,3,6,2,13,34,4,1,7),(529,529,"0045692585569","Ethan","Gamble","ligula@posuerecubiliaCurae.net","P.O. Box 337, 372 Ornare, Avenue","Ivan","1997-08-28",2,7,5,7,1,11,11,4,0,6),(530,530,"8466331143828","Cooper","Watts","quis@pretium.org","P.O. Box 335, 6747 Etiam Ave","Calvin","1992-10-18",2,57,3,8,3,13,1,5,1,10);
INSERT INTO `student_fact` (`id`,`student_user_id`,`jmbg`,`first_name`,`last_name`,`email`,`address`,`username`,`birthdate`,`gender`,`lab_group_dim_id`,`enrollment_date_dim_id`,`dissrollment_date_dim_id`,`department_dim_id`,`graduation_date_dim_id`,`current_semester_dim_id`,`study_year`,`budget`,`average_grade`) VALUES (531,531,"5310148901099","Preston","Delacruz","lacus@diamPellentesque.edu","3044 Risus. Ave","Kennan","1993-04-27",0,34,4,9,3,10,28,4,1,6),(532,532,"4344524843108","Hedda","Sosa","Phasellus.vitae.mauris@semper.com","247-8195 Vel Ave","Levi","1997-09-11",0,29,1,6,2,10,47,2,0,8),(533,533,"9735710733966","Jakeem","Meyers","non.enim.commodo@velitduisemper.net","Ap #205-3906 Metus Av.","Isaiah","1996-12-28",0,94,3,9,4,12,44,3,1,10),(534,534,"9309601736541","Boris","Warner","natoque.penatibus@aaliquet.co.uk","3239 Eu, Avenue","Grant","1991-10-24",1,38,4,6,2,13,32,1,0,6),(535,535,"1212920577805","Brielle","Kirk","nisl.sem.consequat@mauriseuelit.ca","4931 Ut Road","Sybill","1997-02-20",2,32,4,8,3,10,33,1,0,10),(536,536,"5753430047072","Keelie","Harrington","vitae.odio@sed.ca","5644 Ipsum. Ave","Chanda","1997-07-08",1,16,1,10,2,13,39,1,1,9),(537,537,"0341319804039","Wesley","Holloway","amet@consectetuermaurisid.edu","P.O. Box 966, 4513 Justo Rd.","Maisie","1991-05-17",1,5,3,10,4,11,48,1,1,7),(538,538,"1965030768697","Norman","Duran","a.mi@gravida.net","P.O. Box 895, 7111 Lectus Rd.","Burke","1989-07-07",1,58,2,7,1,13,34,1,1,8),(539,539,"3124379673883","Salvador","Mckee","nisi.magna.sed@tortorNunccommodo.org","Ap #407-8870 Mattis Ave","Charissa","1988-04-09",0,55,5,10,1,11,49,5,1,6),(540,540,"2856648326219","Jenna","Sharpe","arcu.Aliquam.ultrices@dignissimpharetraNam.co.uk","P.O. Box 999, 2373 Nunc. Street","Kasper","1993-12-24",2,54,4,10,1,10,8,5,1,9);
INSERT INTO `student_fact` (`id`,`student_user_id`,`jmbg`,`first_name`,`last_name`,`email`,`address`,`username`,`birthdate`,`gender`,`lab_group_dim_id`,`enrollment_date_dim_id`,`dissrollment_date_dim_id`,`department_dim_id`,`graduation_date_dim_id`,`current_semester_dim_id`,`study_year`,`budget`,`average_grade`) VALUES (541,541,"2230084226475","Shoshana","Cruz","Morbi@ultriciesligulaNullam.net","299-7485 Sapien, St.","Alexis","1987-12-03",0,71,5,10,2,10,32,3,0,9),(542,542,"0478782065650","Axel","Mercado","sit@congueturpis.net","P.O. Box 212, 8712 A St.","Ralph","1995-04-09",0,19,4,8,4,12,29,5,1,6),(543,543,"2432996147559","Holmes","Ballard","neque.vitae.semper@milorem.ca","3737 Et St.","Dolan","1990-04-19",2,85,2,7,3,13,5,3,0,7),(544,544,"4712625329995","Darrel","Bernard","ligula@liberoet.ca","8965 Eu, Avenue","Meredith","1984-12-05",1,47,1,9,4,10,48,3,0,10),(545,545,"6680447732586","Hu","Wiley","est.Nunc.laoreet@arcuiaculisenim.edu","Ap #353-4157 Accumsan Rd.","Nelle","1993-11-03",0,18,2,10,3,10,49,5,0,8),(546,546,"3644497893611","Aurora","Barlow","at@InloremDonec.ca","219-7667 Hendrerit Rd.","Barry","1985-04-13",1,51,2,10,4,13,17,4,1,10),(547,547,"1631235546902","Preston","Mcdaniel","Duis.ac.arcu@afacilisis.ca","Ap #641-2829 Sit Ave","Eric","1993-01-20",0,6,2,10,3,12,4,5,1,10),(548,548,"9089945812889","Wing","Sharpe","vulputate@disparturient.ca","Ap #732-6509 Posuere St.","Brennan","1997-05-16",2,2,1,6,3,11,16,3,1,10),(549,549,"7849389441094","Clayton","Cooke","turpis.egestas@ametmetusAliquam.co.uk","3634 Nec Rd.","Slade","1992-09-28",0,40,2,7,3,13,18,5,0,8),(550,550,"1512256884059","James","Mcfarland","dui.augue.eu@arcuNuncmauris.net","8349 Metus Rd.","Bryar","1996-11-15",1,93,3,6,4,12,5,5,0,8);
INSERT INTO `student_fact` (`id`,`student_user_id`,`jmbg`,`first_name`,`last_name`,`email`,`address`,`username`,`birthdate`,`gender`,`lab_group_dim_id`,`enrollment_date_dim_id`,`dissrollment_date_dim_id`,`department_dim_id`,`graduation_date_dim_id`,`current_semester_dim_id`,`study_year`,`budget`,`average_grade`) VALUES (551,551,"5155749848707","Ahmed","Ballard","egestas.Sed@lacuspede.org","186-7219 Semper Rd.","Cain","1991-11-29",1,71,5,10,4,10,27,1,0,6),(552,552,"4170404068157","Clayton","Glover","In.lorem@nibh.net","P.O. Box 446, 4859 Sem Street","Cora","1986-09-02",0,82,5,7,3,12,36,4,0,6),(553,553,"4629327958361","Emily","Barr","Integer.sem@ante.edu","P.O. Box 135, 4078 Non Rd.","Wyatt","1987-06-15",1,35,1,8,4,12,8,2,1,6),(554,554,"2146242504632","Uta","Doyle","lorem@turpisnon.com","477-5210 Proin St.","Hedley","1985-07-01",2,46,1,10,2,10,26,3,0,9),(555,555,"2652033863935","Kendall","Clements","faucibus.lectus@mauriselit.net","7660 Nec Rd.","Xena","1991-08-10",0,65,3,6,4,10,9,2,0,9),(556,556,"5799079922003","Ashton","Hardin","urna@mienimcondimentum.net","418 Fames St.","Neville","1997-05-24",1,83,2,6,3,11,42,2,1,7),(557,557,"5793173314014","Mechelle","Hartman","Quisque.nonummy@vestibulumloremsit.com","Ap #314-4594 Sit St.","Abel","1992-09-13",2,57,3,8,3,10,38,4,0,6),(558,558,"9875078473073","Hyatt","Carr","egestas.a@pedeCrasvulputate.net","736-7358 Eget Rd.","Bernard","1997-09-05",1,55,1,6,4,10,22,5,1,7),(559,559,"6803686432558","Ramona","Peck","Curabitur.sed.tortor@actellusSuspendisse.co.uk","2601 Interdum Avenue","Xander","1987-12-13",0,97,5,9,4,10,39,5,0,8),(560,560,"7598121741994","Joel","Beard","mi@Nullainterdum.co.uk","P.O. Box 469, 2813 Vel Av.","Callum","1994-09-09",1,62,2,8,1,10,18,3,0,6);
INSERT INTO `student_fact` (`id`,`student_user_id`,`jmbg`,`first_name`,`last_name`,`email`,`address`,`username`,`birthdate`,`gender`,`lab_group_dim_id`,`enrollment_date_dim_id`,`dissrollment_date_dim_id`,`department_dim_id`,`graduation_date_dim_id`,`current_semester_dim_id`,`study_year`,`budget`,`average_grade`) VALUES (561,561,"3790755865765","Sybil","Thomas","feugiat.nec.diam@Donecluctus.net","3904 Justo St.","Megan","1989-01-31",0,7,3,10,1,11,31,2,0,6),(562,562,"3817937560546","Perry","Stephens","Morbi.accumsan.laoreet@ac.org","1950 Nunc St.","Preston","1996-10-17",0,11,1,9,4,13,29,3,0,8),(563,563,"2874712147806","Gloria","Alvarado","lacus.Mauris@acturpis.co.uk","P.O. Box 873, 3408 At, Street","Rahim","1997-04-12",1,42,2,7,4,11,26,1,1,10),(564,564,"8327850530627","Dorian","Mccray","in.cursus@necmalesuada.co.uk","Ap #673-4992 Metus. Ave","Carol","1991-03-28",1,80,2,8,4,13,35,3,0,9),(565,565,"8980148104638","Aaron","Chase","massa.Mauris.vestibulum@porttitor.edu","P.O. Box 573, 8148 In St.","Bert","1986-05-14",0,2,1,6,3,13,17,2,1,8),(566,566,"8701461778498","Teagan","Cooper","mi.tempor.lorem@ametornare.ca","Ap #759-1836 Convallis St.","Lesley","1992-09-24",0,52,1,9,2,12,37,4,0,8),(567,567,"9438977817849","Philip","Levy","nonummy.Fusce.fermentum@tempuseu.co.uk","Ap #762-9625 Malesuada St.","Desiree","1986-06-14",2,93,5,10,2,13,12,1,0,7),(568,568,"5220388078106","Deirdre","Houston","Mauris.ut.quam@non.net","P.O. Box 938, 4809 At Street","Freya","1987-04-20",1,57,1,6,2,10,41,4,0,9),(569,569,"1050207619656","Vernon","Tran","nec.leo.Morbi@idnunc.org","9053 Nulla St.","Jenna","1985-03-24",0,100,3,9,1,12,37,1,1,9),(570,570,"7038685446795","Neville","Guthrie","pede.ac@tortorNunccommodo.org","P.O. Box 208, 6743 Lorem Street","Hashim","1997-09-21",2,3,4,10,4,11,8,3,1,6);
INSERT INTO `student_fact` (`id`,`student_user_id`,`jmbg`,`first_name`,`last_name`,`email`,`address`,`username`,`birthdate`,`gender`,`lab_group_dim_id`,`enrollment_date_dim_id`,`dissrollment_date_dim_id`,`department_dim_id`,`graduation_date_dim_id`,`current_semester_dim_id`,`study_year`,`budget`,`average_grade`) VALUES (571,571,"0614589311782","Gannon","Mcguire","purus@augue.net","9824 Magna. Av.","Nerea","1993-01-30",0,56,2,7,2,10,20,2,0,9),(572,572,"6262580539108","Chester","Beach","gravida@nequeseddictum.edu","6872 Est. Road","Ivan","1991-11-12",2,43,4,9,3,11,39,1,0,10),(573,573,"3145660537873","Brady","Hansen","lacus.Aliquam.rutrum@quis.com","P.O. Box 909, 2353 Venenatis St.","Clarke","1986-09-26",1,92,2,8,1,11,10,5,0,7),(574,574,"8935859384422","Carter","Logan","odio.Phasellus.at@interdumCurabitur.co.uk","2270 Eros Rd.","Athena","1989-09-08",2,29,5,7,3,13,13,2,1,9),(575,575,"7967755180955","Nyssa","Mitchell","gravida@duiquis.co.uk","7844 Penatibus Av.","Bruce","1997-09-03",0,25,3,9,2,10,40,1,0,7),(576,576,"1140625718279","Shad","Poole","senectus.et@etrisusQuisque.org","P.O. Box 610, 6241 Nibh Ave","Brenda","1992-01-06",2,73,1,6,4,12,49,4,0,7),(577,577,"5175600237283","Heather","Obrien","Phasellus.elit.pede@rutrumFusce.net","P.O. Box 763, 1938 Vitae Road","Hall","1990-01-25",0,54,3,8,3,12,49,5,0,7),(578,578,"9730536735559","Norman","Duffy","risus@vel.com","P.O. Box 702, 1615 Nec Road","Neil","1993-01-08",1,9,4,9,4,12,2,2,1,7),(579,579,"2407380635183","Lawrence","Young","molestie.sodales@mollisDuissit.co.uk","P.O. Box 225, 850 Interdum St.","Mohammad","1997-08-20",2,6,3,6,1,12,50,2,0,9),(580,580,"1215615878939","Grace","Humphrey","consequat.enim.diam@eueuismod.org","9836 Congue Av.","Christopher","1987-09-10",2,23,3,8,3,12,29,5,0,6);
INSERT INTO `student_fact` (`id`,`student_user_id`,`jmbg`,`first_name`,`last_name`,`email`,`address`,`username`,`birthdate`,`gender`,`lab_group_dim_id`,`enrollment_date_dim_id`,`dissrollment_date_dim_id`,`department_dim_id`,`graduation_date_dim_id`,`current_semester_dim_id`,`study_year`,`budget`,`average_grade`) VALUES (581,581,"7506574751128","Abel","Barron","posuere@ligulaNullamfeugiat.edu","Ap #209-1453 Commodo Av.","Camilla","1990-01-07",2,20,5,8,4,12,48,1,1,10),(582,582,"2995128275656","Derek","Henson","volutpat@nonhendrerit.edu","353 A Rd.","Sacha","1988-10-17",2,41,5,10,3,10,14,4,1,6),(583,583,"6633888513885","Xander","Yang","eget@sitametmassa.edu","2542 Dictum St.","Wing","1988-09-07",2,39,1,6,4,11,42,4,1,9),(584,584,"0794055552174","Ali","Joseph","nisi.dictum.augue@ipsum.org","P.O. Box 503, 9511 Primis Street","Colton","1985-01-27",0,68,4,7,4,11,6,3,0,10),(585,585,"8767240405777","Isabella","Lee","et.nunc@Nullam.net","P.O. Box 255, 444 Aliquam Road","Ronan","1993-11-27",0,54,4,7,4,11,48,5,0,8),(586,586,"8225753783155","Kamal","Davidson","mi.Aliquam@ullamcorperDuisat.ca","Ap #272-6964 Massa. Rd.","Acton","1991-03-20",1,26,3,10,2,13,48,4,1,10),(587,587,"5302850834700","Jada","Bass","Sed.eu.nibh@luctusetultrices.edu","121-4485 Non, St.","Dane","1993-01-13",0,86,5,7,2,12,8,1,1,10),(588,588,"9323696974870","Hakeem","Mclean","consequat.auctor.nunc@faucibus.com","P.O. Box 502, 7867 Mi. Road","Raphael","1989-12-20",1,14,1,7,4,13,39,1,0,10),(589,589,"4941593029980","Tyrone","Rush","fringilla.euismod.enim@elementum.org","4754 Rhoncus. St.","Dana","1996-09-17",1,17,3,9,1,13,26,3,0,8),(590,590,"1950896214360","Vance","Flowers","justo.Praesent@urnaNuncquis.ca","P.O. Box 183, 2761 Mauris. St.","Lisandra","1992-01-21",2,87,4,9,3,11,35,3,0,6);
INSERT INTO `student_fact` (`id`,`student_user_id`,`jmbg`,`first_name`,`last_name`,`email`,`address`,`username`,`birthdate`,`gender`,`lab_group_dim_id`,`enrollment_date_dim_id`,`dissrollment_date_dim_id`,`department_dim_id`,`graduation_date_dim_id`,`current_semester_dim_id`,`study_year`,`budget`,`average_grade`) VALUES (591,591,"3199641477565","Stone","Sullivan","bibendum.sed@Morbineque.com","733-3893 Hendrerit Avenue","Sacha","1986-09-19",2,70,1,8,1,10,40,4,1,9),(592,592,"7102843062220","Mechelle","Avila","nunc.sit@ullamcorper.co.uk","7706 Eu, St.","Dora","1987-12-03",1,86,5,9,4,11,48,4,1,7),(593,593,"0245658251071","Thomas","Atkins","Morbi.non.sapien@Craseu.org","P.O. Box 675, 6491 Lectus Ave","Aurelia","1987-11-15",1,58,4,9,2,10,32,3,1,10),(594,594,"2144753600984","Dara","Anthony","feugiat.Lorem.ipsum@Sedid.co.uk","P.O. Box 859, 3361 Hendrerit Road","Blake","1996-01-20",2,94,5,10,4,12,49,2,1,9),(595,595,"4393737285997","Rebecca","Coleman","tortor.nibh@euodiotristique.org","290-6537 Cubilia Street","Hoyt","1991-11-08",1,96,4,9,1,12,5,5,1,7),(596,596,"8545117091703","Jonah","Mclean","ac@elit.com","366-8587 Accumsan St.","Samantha","1988-07-25",2,17,5,8,4,10,9,5,1,9),(597,597,"7340838091809","Glenna","Pickett","nisi.nibh.lacinia@liberoettristique.org","6980 Etiam St.","Rajah","1997-01-27",1,29,3,6,1,11,23,1,0,7),(598,598,"4218760565126","Adam","Hinton","ac.feugiat.non@massaVestibulumaccumsan.org","Ap #951-808 Amet Street","Lucy","1989-07-02",0,22,4,10,4,13,36,5,0,10),(599,599,"3003170194589","Brenden","Alston","Donec.fringilla.Donec@Nullamvitae.com","115-3143 Ornare Road","Latifah","1991-12-05",2,17,4,6,3,10,42,1,0,10),(600,600,"8125441717380","Ella","Murphy","in.sodales.elit@maurisMorbinon.org","2391 Proin St.","Acton","1994-09-15",0,3,3,6,4,12,50,3,1,10);


/*!40000 ALTER TABLE `student_fact` ENABLE KEYS */;
UNLOCK TABLES;

--
-- Table structure for table `user`
--

DROP TABLE IF EXISTS `user`;
/*!40101 SET @saved_cs_client     = @@character_set_client */;
/*!40101 SET character_set_client = utf8 */;
CREATE TABLE `user` (
  `id` int(10) NOT NULL AUTO_INCREMENT,
  `first_name` varchar(50) DEFAULT NULL,
  `last_name` varchar(50) DEFAULT NULL,
  `username` varchar(50) NOT NULL,
  `password_hash` varchar(2000) NOT NULL,
  `email` varchar(100) NOT NULL,
  `created_at` timestamp NOT NULL DEFAULT CURRENT_TIMESTAMP ON UPDATE CURRENT_TIMESTAMP,
  `role_id` int(10) NOT NULL,
  PRIMARY KEY (`id`),
  KEY `FKuser994439` (`role_id`),
  CONSTRAINT `FKuser994439` FOREIGN KEY (`role_id`) REFERENCES `roles` (`id`)
) ENGINE=InnoDB AUTO_INCREMENT=3 DEFAULT CHARSET=utf8;
/*!40101 SET character_set_client = @saved_cs_client */;

--
-- Dumping data for table `user`
--

LOCK TABLES `user` WRITE;
/*!40000 ALTER TABLE `user` DISABLE KEYS */;
INSERT INTO `user` VALUES (1,'Admin','Adminkovic','admin','5e884898da28047151d0e56f8dc6292773603d0d6aabbdd62a11ef721d1542d8','admin@etf.unsa.ba','2017-11-11 14:07:31',1),(2,'Neko','Nekic','neko','5e884898da28047151d0e56f8dc6292773603d0d6aabbdd62a11ef721d1542d8','neko@etf.unsa.ba','2017-11-11 14:07:31',2);
/*!40000 ALTER TABLE `user` ENABLE KEYS */;
UNLOCK TABLES;
/*!40103 SET TIME_ZONE=@OLD_TIME_ZONE */;

/*!40101 SET SQL_MODE=@OLD_SQL_MODE */;
/*!40014 SET FOREIGN_KEY_CHECKS=@OLD_FOREIGN_KEY_CHECKS */;
/*!40014 SET UNIQUE_CHECKS=@OLD_UNIQUE_CHECKS */;
/*!40101 SET CHARACTER_SET_CLIENT=@OLD_CHARACTER_SET_CLIENT */;
/*!40101 SET CHARACTER_SET_RESULTS=@OLD_CHARACTER_SET_RESULTS */;
/*!40101 SET COLLATION_CONNECTION=@OLD_COLLATION_CONNECTION */;
/*!40111 SET SQL_NOTES=@OLD_SQL_NOTES */;

-- Dump completed on 2017-11-12 22:36:59
